,name,GALEX_NUV,WISE_3.4,SPIRE_250,t,type,n,q,log(W1),log(NUV),cluster_
0,ESO149-013,-6.09061992741e-07,0.00175041427454,0.0496298134121,9.9,1,1.12,0.49,-6.347902790753868,,0
1,NGC0007,0.00313162214866,0.0103467245337,0.419146475374,4.8,1,0.94,0.28,-4.571085279531925,-5.7662041503217285,1
2,ESO410-005,0.0005051966396440001,0.0033235104522,0.0498914754084,0.4,0,0.8,0.79,-5.706733689550017,-7.5905628190460845,1
3,IC0010,82.6366512013,3.93563423666,110.582864955,9.9,1,0.96,0.69,1.3700720471941172,4.4144533012567715,0
4,NGC0115,0.0039161779053,0.0153912600679,0.912792408021,3.9,1,1.34,0.37,-4.173955458726001,-5.542639124983186,1
6,NGC0131,0.00209890493207,0.0250461757398,1.709497321,3.0,1,1.05,0.36,-3.6870341281836065,-6.166339531179836,1
7,UGC00300,0.000604887857063,0.00194232001643,0.0582870476447,10.0,1,0.97,0.69,-6.243872135649762,-7.410467477341209,1
8,UGC00313,0.0011233715899200002,0.0109168362494,0.674811305397,4.3,1,0.81,0.55,-4.517449071393458,-6.791420767557274,1
9,UGC00320,0.0006853014006580001,0.00386554063247,-0.0073077016801,6.0,1,0.78,0.15,-5.5556537276899824,-7.285651815513502,1
10,NGC0147,0.0480161854132,0.911003498968,6.95667389284,-4.8,0,1.21,0.52,-0.0932085409304327,-3.036217128803744,1
11,ESO410-018,0.0030050432761700003,0.008180419590300001,0.441162648606,8.9,1,1.23,0.81,-4.806011835025306,-5.807463309710978,1
12,NGC0148,0.000321171220505,0.08114204481639999,0.0685750308592,-2.0,0,3.84,0.38,-2.511554020431903,-8.043536179828147,1
13,NGC0150,0.010214851882,0.16451878199,9.69517648459,3.4,1,1.83,0.75,-1.8047305390633173,-4.583912550866626,1
14,ESO411-013,0.0007243055307339999,0.0247762874359,0.116070202541,9.0,1,0.67,0.23,-3.6978682349941265,-7.230297250820865,1
15,NGC0254,0.000983133250693,0.117070028217,0.503987257584,-1.2,0,5.91,0.52,-2.144982991463849,-6.92476589187366,1
16,NGC0253,0.191650316292,12.1257860318,1033.26983965,5.1,1,1.27,0.28,2.4953342620872925,-1.6520828367942946,0
17,ESO411-016,0.0008152909913849999,0.003530403343440001,0.154725603842,1.8,1,1.06,0.58,-5.646343152966557,-7.111965463804511,1
20,NGC0289,0.0202045291632,0.260738688365,13.938405908499998,4.0,1,1.58,0.7,-1.3442365671927718,-3.9018484837076284,1
21,ESO411-026,0.000470551124268,0.00181783420734,0.0898618740904,9.0,1,1.24,0.5,-6.310109482467882,-7.661605945398704,1
22,ESO411-027,0.000384335862694,0.00108150754658,0.0800211933609,5.7,1,0.86,0.3,-6.829399334712935,-7.863993745221061,1
23,NGC0300,0.29852479133000004,1.68839804048,95.6482995598,6.9,1,1.13,0.67,0.5237801743474712,-1.2089022965663665,1
24,NGC0337,0.0196708369916,0.0956213908852,9.18501163419,6.7,1,0.71,0.64,-2.347358729924692,-3.9286180958037007,1
26,IC1613,0.100566229097,0.351942672539,5.5517286448,9.9,1,0.78,0.94,-1.0442869787526263,-2.296938772535466,1
27,NGC0428,0.0206378059946,0.0757637994471,4.126355150309998,8.6,1,1.32,0.64,-2.5801346802649534,-3.880630642730124,1
28,UGC00772,0.0007151758901930001,0.00013829995445200006,-0.121570304695,9.8,1,0.49,0.67,-8.886085648635625,-7.2429820452534415,0
29,NGC0448,0.0003646630232230001,0.0619384508711,0.225335404391,-2.4,0,2.53,0.36,-2.781614114903214,-7.91653685486216,1
30,NGC0450,0.0119439743719,0.0509486641494,4.0393222827,5.8,1,2.04,0.84,-2.9769367385109016,-4.427528364435761,1
31,NGC0493,0.0064397968602,0.045106382358400005,4.00764962801,5.9,1,1.19,0.24,-3.0987315267785904,-5.045258282810585,1
32,UGC00931,0.000472184593629,0.0027286205063200004,0.182413464335,5.4,1,1.42,0.18,-5.903959106537199,-7.658140560636741,1
35,NGC0584,0.00207356470212,0.403613053104,0.783376931425,-4.7,0,4.4,0.63,-0.9072986493408277,-6.178486074462777,1
36,NGC0586,0.000509059212112,0.0348654185927,0.933594589222,0.7,1,1.78,0.39,-3.3562598122805616,-7.5829462179006155,1
37,NGC0613,0.037470130551400006,0.613994749612,39.5847592087,4.0,1,2.92,0.41,-0.4877689019920769,-3.2842111820246176,1
38,NGC0625,0.016744727291000003,0.134648188563,4.43624874107,9.0,1,1.52,0.4,-2.0050899127448387,-4.089671858864407,1
39,NGC0628,0.0981856288543,0.836837601566,64.2806898787,5.2,1,2.57,0.93,-0.17812525173121446,-2.3208954200105167,1
40,NGC0678,0.0008625535329500001,0.135551984253,2.16455866535,3.0,1,3.66,0.39,-1.9984000646126978,-7.055613343796441,1
41,NGC0720,0.00310433038765,0.486753732062,-0.516158993582,-4.9,0,4.76,0.53,-0.7199969674515688,-5.774957243005195,1
42,PGC007045,0.000316370929728,0.0296562436732,0.936483454922,0.0,0,0.59,0.23,-3.518082596509788,-8.058595204521927,1
43,NGC0855,0.00296312625028,0.0442287114283,1.09584075454,-4.8,0,3.46,0.44,-3.118381120958348,-5.821510402361556,1
44,PGC008962,0.000807483172896,0.00194180334071,0.0644338659612,6.9,1,0.68,0.27,-6.244138180610511,-7.121588341603473,1
45,NGC0895,0.0110779572731,0.0772175355166,6.25373362422,6.0,1,2.19,0.62,-2.5611287037472894,-4.502797976293269,1
46,NGC0891,0.0152133033896,1.90262052996,167.27706330200002,3.1,1,0.94,0.09,0.6432321622081933,-4.185585010914225,1
47,NGC0925,0.0619807135542,0.30830714401,23.6719576697,7.0,1,1.84,0.41,-1.1766587720912332,-2.7809320140363365,1
49,NGC1052,0.0028062113721900005,0.428453792734,2.1113992653,-4.7,0,4.77,0.68,-0.847572381685394,-5.875919971489605,1
50,NGC1068,0.0633218109075,2.37701838357,122.98684566200001,3.0,1,2.14,0.84,0.8658469222858867,-2.7595254450810573,1
52,NGC1097,0.049608344449500005,1.21946234314,67.09172743270001,3.3,1,5.14,0.59,0.1984100592630845,-3.003596224532202,1
53,NGC1140,0.011984739968,0.0321331968813,2.25563835078,9.2,1,3.15,0.43,-3.4378656124753357,-4.424121107785061,1
55,UGC02392,0.00108175295117,0.015206269644500003,0.346405232629,5.9,1,2.32,0.35,-4.186047459563157,-6.82917245071879,1
56,NGC1189,0.00165309950187,0.015531686079,0.934685577779,7.9,1,1.97,0.86,-4.164873078558275,-6.405103267236186,1
57,NGC1199,0.00214929359552,0.227768819159,-0.114522004893,-4.8,0,4.81,1.0,-1.4794241154808312,-6.142616051053557,1
58,NGC1222,0.0046879239094,0.0596184688211,4.05640430628,-2.6,0,4.17,0.72,-2.8197898733649263,-5.362765457769183,1
59,PGC166071,-0.0658748850073,0.042847609001,0.210275281226,10.0,1,0.58,0.45,-3.150105434771732,,1
61,NGC1266,0.000416182640075,0.0550567506493,3.85133414567,-2.3,0,2.98,0.78,-2.899390795733051,-7.784386355410449,1
62,PGC012608,0.00140212129758,0.00445966825901,0.0931519876375,9.0,1,1.35,0.84,-5.412680897104489,-6.569768976580067,1
63,NGC1316,0.035823773227400005,3.36351848027,10.4799373541,-1.8,0,5.86,0.69,1.212987592825498,-3.3291435493322408,1
64,NGC1317,0.00362800165926,0.249285884661,5.00477755017,0.8,1,7.42,0.94,-1.3891549099472882,-5.6190732893809505,1
65,NGC1320,0.000956452936759,0.0770510631235,1.51296186679,0.9,1,5.22,0.28,-2.563286919472136,-6.952278973891994,1
66,NGC1336,0.000676524958359,0.0502417612797,0.165545001945,-3.0,0,5.85,0.77,-2.9909087001178176,-7.298541217672556,1
67,ESO358-006,0.00021455364079599995,-0.000202700319789,-0.0235262556979,-3.8,0,0.8,0.43,,-8.446950777218378,1
68,NGC1351A,0.0006110203234639999,0.0268834467727,1.7387499785099998,4.2,1,0.82,0.13,-3.6162445433966734,-7.400380336720663,1
70,PGC013058,0.000839948301756,0.00879952374645,0.17692433072099994,-4.5,0,2.36,0.65,-4.733057678684092,-7.08217021354949,1
71,PGC013084,0.000157348412035,0.010237713133299998,-0.00912818023943,-2.0,0,2.0,0.73,-4.581677011138097,-8.757048026433603,1
72,PGC013097,9.81571822168e-05,0.00462147092434,0.0564949254807,-2.2,0,1.53,0.77,-5.377042242669474,-9.228940463996464,1
73,PGC013146,0.000187098911793,0.0068959281877000005,0.0196901315596,-2.8,0,2.64,0.43,-4.9768241592915565,-8.583873140879659,1
74,ESO358-015,0.000607726094992,0.0033607759746900005,0.0381793173817,8.7,1,1.16,0.61,-5.695583386822466,-7.405786279162361,1
75,ESO358-016,0.000218769991417,0.0020690185534800003,0.164221887698,7.1,1,1.1,0.16,-6.18068091289306,-8.427489647567445,1
76,NGC1365,0.05866838883240001,1.15619047294,101.239959284,3.2,1,19.64,0.74,0.14513052565650722,-2.83585421794522,0
77,PGC013230,0.000180157799342,0.00943647731322,0.143953879777,-2.4,0,2.18,0.73,-4.663172534440933,-8.621677428107535,1
78,ESO358-019,0.000109505547769,0.0034952530489,0.0427437668722,-3.0,0,1.69,0.42,-5.6563495027986015,-9.119535345434047,1
79,NGC1373,0.00025622141676700003,0.0210125216356,-0.0108002040746,-3.6,0,4.27,0.78,-3.862636750594156,-8.26946857805709,1
80,NGC1374,0.00100860897548,0.179005409766,0.070361004923,-4.5,0,4.5,0.88,-1.7203392514416378,-6.899183149412206,1
81,NGC1375,0.000647436768867,0.0551882057743,0.155842644587,-2.2,0,2.08,0.41,-2.897006012037445,-7.342489423418528,1
82,IC0335,0.000467986828289,0.07357576918549999,0.0544324006401,-2.1,0,1.48,0.17,-2.6094395304762013,-7.667070407124321,1
83,NGC1379,0.0011064684168,0.197665621952,0.127741769108,-4.8,0,2.93,0.98,-1.6211784539008895,-6.806581942215378,1
84,NGC1381,0.000725239810593,0.146083551157,-0.0264438239235,-2.1,0,3.45,0.25,-1.923576552758172,-7.22900818457128,1
86,NGC1369,0.000206290266935,0.035362234517099994,-0.020498685171,0.1,0,1.7,0.75,-3.34211084985241,-8.486226318180845,1
87,NGC1386,0.00198040844778,0.213022785264,3.87266260216,-0.7,0,5.31,0.43,-1.5463561459235002,-6.224452168792305,1
88,NGC1380A,0.000511595387899,0.0511008340379,0.114410557759,-1.9,0,1.33,0.24,-2.973954460224658,-7.577976503352998,1
89,PGC013343,0.00016985411532799996,0.011508227380899998,0.0792467046719,-2.8,0,2.88,0.88,-4.464693074980907,-8.680570634460741,1
90,NGC1387,0.00237995913558,0.383909007384,2.58868279438,-2.8,0,8.69,0.85,-0.957349714411352,-6.040671961370529,1
91,NGC1389,0.0011111931529300002,0.150021557147,0.200691364714,-2.8,0,3.56,0.62,-1.8969762808984607,-6.802320928413175,1
92,ESO358-042,6.55816698238e-05,0.00352258589308,-0.157737354087,-2.2,0,1.76,0.48,-5.648559930363816,-9.63221432447791,1
93,ESO358-043,0.000174108837047,0.00996035592941,0.184657047544,-3.0,0,1.62,0.39,-4.609142472139603,-8.655829954023387,1
94,NGC1399,0.0126716198538,1.61497661753,1.04698202622,-4.6,0,8.2,0.92,0.4793204782602106,-4.3683904432710285,1
95,NGC1404,0.00292046792816,0.595690879402,0.14099698173900002,-4.8,0,4.27,0.85,-0.518033405188224,-5.836011426170642,1
96,NGC1427A,0.004038466631809999,0.0156613812556,0.6778284345190001,9.9,1,1.35,0.62,-4.156557389524953,-5.511890205636796,1
97,NGC1412,0.000476841245892,0.0495528755962,0.0205430752248,-2.2,0,3.48,0.32,-3.004714985657972,-7.648326940308559,1
98,NGC1419,0.000379397682753,0.0412348268069,0.0267239038443,-4.9,0,4.52,0.92,-3.1884720688535717,-7.87692560814411,1
99,ESO358-050,0.0008365011246260001,0.0476545146523,0.147162490076,-2.1,0,1.86,0.39,-3.0437779072567293,-7.08628269309598,1
100,ESO358-051,0.00165519967535,0.0152707735908,0.7341403706730001,0.3,0,1.64,0.51,-4.181814500209665,-6.403833627672399,1
102,NGC1428,0.00041525287546,0.0461234194819,0.0752745927693,-3.0,0,2.12,0.54,-3.0764344431836057,-7.786622884847042,1
103,PGC013635,0.00034731867506800003,0.0120578306663,0.208475333477,-5.0,0,1.26,0.75,-4.418040982279412,-7.965267827509038,1
104,ESO358-054,0.00236770399006,0.00848505798292,0.519852296752,7.9,1,1.31,0.68,-4.769448546740039,-6.045834573971689,1
105,PGC166861,8.42706816293e-05,0.00378498538611,0.15900511418299998,-5.0,0,0.43,0.58,-5.5767132531015,-9.381476539577386,1
106,ESO358-056,0.00014731480666799998,0.0048393390682,-0.0773519717386,-2.2,0,0.96,0.25,-5.330977123735263,-8.822938719058737,1
107,NGC1436,0.00288172993835,0.1102183775,3.96985590518,2.0,1,0.81,0.64,-2.2052916311942785,-5.849364492127927,1
108,UGC02826,0.0044467271253000006,0.101404515654,2.94987415649,5.0,1,1.79,0.61,-2.2886376557396995,-5.415586930860896,1
109,ESO358-059,0.000228128125168,0.0247727826956,-0.0415199845852,-3.3,0,3.98,0.58,-3.6980097004261334,-8.385603134354778,1
110,ESO358-060,0.000777324859885,0.0007400768831810001,0.0125438274531,9.8,1,0.83,0.28,-7.208756480972354,-7.159652199883935,1
111,PGC166077,0.00606383912915,0.00736651514646,0.611380050965,10.0,1,0.47,0.34,-4.910810527691917,-5.105412159828065,1
112,NGC1437B,0.00119722427548,0.023187820205200004,1.50148400525,8.3,1,1.31,0.32,-3.7641281293211524,-6.727749505311918,1
113,NGC1460,0.00484792195095,0.0414591843981,0.0698816159705,-1.9,0,2.05,0.59,-3.1830458441868137,-5.329205129571203,1
114,ESO358-063,0.0031335834475400004,0.117722278572,7.46302477175,6.9,1,1.47,0.18,-2.1394269999428213,-5.76557805787705,1
115,IC0342,0.7931725450910001,8.61621611714,581.690508644,6.0,1,2.58,0.88,2.1536460227730276,-0.2317144957809706,0
116,ESO358-066,9.88824552655e-05,0.00422271563288,0.0128903603637,-3.8,0,1.13,0.43,-5.46727684300067,-9.221578733803666,1
117,ESO359-002,0.000839191472226,0.0173577571443,-0.172378792544,-3.4,0,1.57,0.61,-4.053715774853465,-7.083071662723618,1
118,NGC1481,0.00142422160031,0.0229231760514,0.474955628756,-3.0,0,5.21,0.65,-3.7756068255576865,-6.554129859904384,1
119,NGC1482,0.00143237895161,0.195015477483,15.8203869824,-0.8,0,4.34,0.47,-1.6346763518604652,-6.548418614439724,1
120,ESO549-035,0.0009041362232060002,0.002678286747,0.205632846585,6.0,1,1.72,0.69,-5.922577962389269,-7.008530519537435,1
121,NGC1510,0.005104840432060001,0.0282874548236,0.469006386983,-1.8,0,4.09,0.95,-3.5653368650683874,-5.277566085041095,1
122,NGC1512,0.0193059255336,0.441744701966,12.6948147955,1.1,1,5.76,0.65,-0.8170231611400464,-3.9473432077267288,1
123,NGC1566,0.0627125237376,0.734519503891,38.9833935265,4.0,1,3.3,0.77,-0.3085387297507079,-2.769194110657187,1
125,NGC1569,0.919626680984,0.35340197966,11.3539033413,9.6,1,1.79,0.38,-1.040149117357845,-0.08378747282978881,1
126,IC2085,0.000486846463835,0.0275193550174,1.03815335284,-1.2,0,2.39,0.22,-3.5928657030593745,-7.627561753922157,1
127,NGC1617,0.00266190968969,0.4840529257940001,4.78432026466,1.1,1,2.61,0.49,-0.72556102742982,-5.928711485320997,1
128,ESO157-047,0.000682843064391,0.00309386172236,0.151231887406,0.0,0,2.59,0.32,-5.778335220021327,-7.289245498747246,1
130,NGC1705,0.0140987738259,0.0329849979598,0.976321201471,-2.7,0,4.82,0.8,-3.411702428159662,-4.261667448081617,1
131,NGC1800,0.0060564305778400005,0.0318236716426,1.12391561185,8.0,1,1.28,0.47,-3.447544874841046,-5.106634665995302,1
132,NGC1808,0.013562307691799998,0.935869246151,61.4099230921,1.2,1,13.34,0.42,-0.06627950654581984,-4.300460827188439,0
134,NGC2110,-0.00127284432326,0.327261783969,2.2532498855500003,-3.0,0,18.66,0.71,-1.1169948657678643,,0
135,NGC2207,0.0321869300383,0.366461438011,26.433215934699998,4.6,1,6.46,0.69,-1.0038619800778825,-3.4361948082629237,1
136,IC2163,0.0319618894386,0.345378466225,25.4294276138,5.2,1,0.84,0.58,-1.0631144596687587,-3.443211040976695,1
137,NGC2146,0.0105817641292,0.852663961912,64.40127851529999,2.3,1,3.43,0.41,-0.15938975762907787,-4.548623124561509,1
138,NGC2273,0.00253204701703,0.165601360484,4.3092558032,0.9,1,6.84,0.74,-1.7981718215816327,-5.9787272057454395,1
142,UGC03701,0.0016680676661300002,0.00909562135114,0.493337943625,6.0,1,1.48,0.88,-4.699962151463259,-6.396089408644189,1
144,NGC2403,0.280781118019,1.6407483629700002,120.70999797200001,6.0,1,1.43,0.59,0.49515245663845325,-1.2701798526135077,1
146,UGC03960,0.00031007204853200003,0.021766486091,0.0221494061002,-4.8,0,7.32,0.76,-3.827383827374708,-8.07870587286982,1
147,ESO493-016,0.422965625478,0.141310116446,15.330795816199998,4.0,1,1.66,0.63,-1.956798396341399,-0.8604643668833181,1
151,IC2233,0.00785036860036,0.0331646357718,0.91868274478,6.5,1,1.24,0.11,-3.4062711583715726,-4.8471947928303205,1
152,NGC2549,0.00110558096091,0.218720797351,0.281678577086,-2.0,0,4.22,0.35,-1.519959260480041,-6.807384325694297,1
153,UGC04305,0.047718831987,0.0861212443802,2.28009401517,9.9,1,0.76,0.72,-2.451999157215076,-3.0424291584350414,1
154,NGC2577,0.000420354703992,0.08685518172779999,0.0290311596869,-2.9,0,3.94,0.51,-2.4435131251179647,-7.774411669790177,1
155,NGC2592,0.000391912130891,0.072276285592,-0.254096940635,-4.8,0,4.3,0.86,-2.62725920373187,-7.844472899190804,1
157,UGC04483,0.00194451453897,0.00150254640091,0.158139900641,9.8,1,0.45,0.41,-6.500594009562547,-6.242742927425481,1
158,UGC04551,0.000304070359315,0.0669698621687,0.0012343042795699998,-1.9,0,4.16,0.61,-2.703512579167418,-8.09825143822221,1
159,UGC04549,0.0019567530384800003,0.0247670862671,1.93079346451,7.6,1,0.75,0.81,-3.698239673926039,-6.236468792460806,1
160,NGC2679,0.000434669028237,0.0544170852206,-0.0326844360787,-1.9,0,3.63,0.85,-2.9110771078736697,-7.740925671099962,1
161,NGC2685,0.00338959416732,0.159370998855,3.38599149287,-1.0,0,3.6,0.38,-1.8365204686081174,-5.687045079411017,1
162,NGC2655,0.00443910291775,0.617990182502,6.167383339550001,0.1,0,7.26,0.75,-0.4812827075697227,-5.4173029685037575,1
164,NGC2764,0.00112105307403,0.0520706947169,3.65387193427,-1.7,0,1.34,0.37,-2.955152969916306,-6.793486790758628,1
165,NGC2768,0.00371786739609,0.629722135419,0.0197660870558,-4.4,0,3.89,0.47,-0.4624766117803519,-5.594605055706215,1
166,NGC2778,0.000343834607246,0.0532069008655,-0.0320626435793,-4.7,0,3.7,0.76,-2.933567175529951,-7.975349809098372,1
167,NGC2798,0.00186135744797,0.0975340416118,7.161021060739999,1.1,1,4.6,0.6,-2.3275538171787655,-6.286449246702823,1
168,NGC2799,0.0015269108193299995,0.0136697927308,0.780763619323,8.5,1,2.43,0.25,-4.2925667907021205,-6.4845086569855175,1
169,NGC2787,0.00205500716772,0.424753501374,-0.190267637746,-1.0,0,3.59,0.68,-0.8562462750879686,-6.187475943098416,1
171,NGC2841,0.0201739576353,1.37755738786,33.2691398969,2.9,1,3.08,0.48,0.32031192205554515,-3.9033627323170004,1
172,NGC2853,0.00139541991808,0.0131216504375,0.8150332460070001,-0.7,0,1.98,0.46,-4.3334917078366315,-6.574559892460395,1
173,NGC2859,0.00141620532025,0.269543780471,1.28358564149,-1.2,0,6.9,0.82,-1.3110244510995028,-6.559774294045565,1
174,NGC2915,0.0179792501114,0.056335401026,0.936472758535,1.6,1,1.48,0.58,-2.8764321487972206,-4.018536957627104,1
175,NGC2907,0.00113176201341,0.208504666303,1.39161236659,1.0,1,5.75,0.54,-1.5677938576435972,-6.783979556807261,1
176,PGC027066,0.000276304652079,0.00368015409287,0.254558403875,6.9,1,0.98,0.17,-5.60480065461545,-8.194006489119099,1
178,UGC05139,0.0054132777417,0.0115281204815,-0.112262715041,9.9,1,0.58,1.0,-4.462965969133769,-5.21890050235984,1
179,NGC2974,0.0025896874259,0.828213848329,2.28002030528,-4.3,0,4.57,0.59,-0.18848388701432825,-5.956218095534404,1
180,NGC2950,0.00157900210706,0.245196809588,0.293716494733,-1.9,0,5.71,0.66,-1.40569408647292,-6.45096220928267,1
181,PGC090942,0.000211067615053,0.00158779295073,-0.0107555269673,5.9,1,3.52,0.07,-6.445410308329167,-8.463332025333347,1
182,NGC2992,0.00433127209634,0.158114660307,5.52414354342,0.9,1,5.02,0.4,-1.844434811001176,-5.441893993430993,1
183,NGC2993,0.0107307373535,0.0467082669235,4.1814876118300015,1.2,1,2.98,0.89,-3.063834108057328,-4.534643005828243,1
184,NGC2976,0.031140002908,0.364852960733,23.0852046252,5.2,1,0.55,0.41,-1.0082608538712698,-3.469262019191575,1
186,NGC3049,0.00477509265532,0.0420488367805,3.01422804573,2.6,1,4.42,0.31,-3.168923555716313,-5.344341900982206,1
187,NGC3031,0.23778787585,11.070636197899999,178.80367703,2.4,1,3.15,0.61,2.4042962155208536,-1.4363762806761844,0
188,NGC3034,0.08332977017580001,6.27739805543,451.46419027,7.2,1,2.06,0.29,1.8369555722411153,-2.484949408592545,1
189,UGC05340,0.0032150632135,0.00371842547901,0.0910106290732,9.7,1,0.88,0.54,-5.594454958626818,-5.739908259432973,1
191,UGC05336,0.00459940024809,-0.00437786581484,0.7213828404870001,9.9,1,2.4,0.45,,-5.38182936483741,1
192,UGC05364,0.007071686916850002,0.8929064552600001,-0.250296632775,9.9,1,2.24,0.85,-0.11327345694091732,-4.951656225434185,1
193,NGC3081,0.0029945570663699995,0.109621727649,2.77408071286,0.0,0,8.67,0.67,-2.210719679143532,-5.810958949380062,1
194,IC2531,0.00325972581693,0.158263326613,7.2562949561,5.0,1,1.78,0.1,-1.8434950090990936,-5.72611219237676,1
195,UGC05373,0.0156270607183,0.06145876831230001,0.777417886935,9.9,1,1.01,0.68,-2.789388762957344,-4.158751206084662,1
196,NGC3073,0.000808803726168,0.0206926813353,0.266058941878,-2.7,0,4.73,0.82,-3.8779751999085796,-7.119954283235984,1
197,NGC3079,0.016698935384,0.790536274888,51.894108508,6.4,1,3.16,0.19,-0.23504373484908758,-4.092410311052589,1
199,UGC05423,0.00101847119581,0.00627422527878,0.268219128693,9.9,1,0.81,0.64,-5.071305263135298,-6.889452603688983,1
201,PGC029653,0.0298099540973,0.0185596628179,0.701935730741,9.9,1,0.43,0.77,-3.9867647189281157,-3.512912911135677,1
202,NGC3147,0.0231469169445,0.461934853761,24.2182764725,3.9,1,3.0,0.88,-0.7723314070184513,-3.7658936846621964,1
203,NGC3185,0.00212789834055,0.0851772600687,2.97214414446,1.2,1,2.45,0.54,-2.4630207813732845,-6.152620480941804,1
204,NGC3155,0.00161000966248,0.0197095208561,1.39036918366,3.5,1,1.26,0.57,-3.9266534677984324,-6.431515098463402,1
205,NGC3187,0.00404408790444,0.023607504670700004,2.54935773836,5.0,1,0.58,0.3,-3.746190622978928,-5.51049924105719,1
206,NGC3190,0.00180455439911,0.36041447039,8.01689839525,0.9,1,3.29,0.32,-1.0205006031383312,-6.31744158797395,1
207,NGC3184,0.0464843737861,0.494140730446,32.5051441496,5.9,1,1.27,0.93,-0.7049349229193147,-3.0686390704762303,1
208,NGC3193,0.00140583842494,0.554868954362,-0.210551513118,-4.8,0,5.91,0.83,-0.5890233113826759,-6.567121410447627,1
209,NGC3182,0.0013379303496600002,0.06432223852300001,0.603745737794,0.3,0,4.06,0.83,-2.7438498518096948,-6.616631374191576,1
210,NGC3198,0.029297079261,0.278076940872,18.5666507965,5.2,1,1.49,0.37,-1.2798574378574497,-3.5302674518528026,1
211,UGC05570,0.000161929843648,0.00393025627868,0.116303414771,4.1,1,1.1,0.19,-5.539050644367052,-8.728347380432378,1
212,HS98117,5.58338735544e-05,0.00894677498509,-0.12975665162699998,10.0,1,19.98,0.58,-4.716462148493752,-9.793129819812878,0
213,NGC3226,0.00833375357261,0.526031466599,12.3962964343,-4.8,0,4.92,0.78,-0.6423942456021585,-4.787441315340331,1
214,NGC3227,0.00830343305106,0.520807038264,13.563839144000001,1.5,1,15.38,0.52,-0.6523756738472981,-4.79108622908737,0
215,UGC05612,0.011930502139000002,0.0602061937052,1.68747928367,8.0,1,1.46,0.81,-2.80998004649127,-4.428656953313832,1
217,NGC3245A,0.0008615936282519999,0.0122995520075,0.624878225243,3.3,1,1.49,0.14,-4.39819243942154,-7.056726827400137,1
218,NGC3256,0.014955035763,0.292846780748,36.1456555494,4.0,1,2.64,0.76,-1.2281057393426902,-4.202707195528963,1
219,IC2574,0.0520839197344,0.134458592796,3.20914024058,8.9,1,0.95,0.41,-2.006498987591727,-2.954899020196637,1
220,NGC3254,0.00672360047722,0.0982394682572,3.93584065855,4.0,1,4.25,0.32,-2.3203472272893215,-5.0021314826281795,1
221,UGC05692,0.0022467641838,0.02874874403,0.408653489807,8.8,1,1.29,0.58,-3.5491611986060785,-6.098264238415786,1
222,UGC05686,0.0006132393500680001,0.0019568769392600003,0.182052661226,9.7,1,1.0,0.8,-6.236405474885692,-7.3967552413556,1
223,UGC05689,0.0005993712414330001,0.0112009366895,1.22994229827,6.4,1,0.89,0.17,-4.49175787118706,-7.419629383156661,1
225,UGC05720,0.005421037576989999,0.0262810264934,1.56479220486,9.8,1,5.07,0.69,-3.63890802625792,-5.217468046982895,1
226,NGC3277,0.00297829512354,0.115231413627,1.42888391823,1.8,1,5.2,0.82,-2.160812880158514,-5.816404248374648,1
227,NGC3252,0.00203151414417,0.0353606844603,2.1255608524,7.4,1,1.28,0.22,-3.3421546844911,-6.198973880133952,1
228,NGC3287,0.00450298987696,0.0474377743336,3.68584688013,7.6,1,0.84,0.35,-3.0483364407895186,-5.403013685730963,1
229,NGC3294,0.00965264243141,0.17946191081,12.5054596927,5.1,1,0.78,0.46,-1.7177922896151376,-4.640523574025918,1
230,NGC3301,0.00103262915744,0.138075403143,0.31373737725,-0.4,0,4.37,0.38,-1.9799553434598762,-6.875647149000859,1
231,NGC3338,0.0198104844508,0.195363092608,13.2830022648,5.0,1,1.73,0.55,-1.63289543844201,-3.9215439637095115,1
232,NGC3346,0.0080307853599,0.0843421443845,5.78172872826,5.9,1,0.71,0.89,-2.4728736055126745,-4.824472952580486,1
233,NGC3351,0.0291986649631,0.776785980386,31.329566424499998,3.1,1,5.8,0.86,-0.25259041007468447,-3.533632291194893,1
234,UGC05846,0.0010606482865499998,0.00290328881187,0.0354462282066,9.9,1,0.59,0.82,-5.841911111506167,-6.848874966718864,1
235,NGC3353,0.00610481819149,0.0274224855858,2.13269758647,4.1,1,2.69,0.64,-3.5963919603129826,-5.098676952126628,1
236,NGC3370,0.00865434475846,0.0725911278372,6.705298057719999,5.1,1,1.53,0.55,-2.622912570718334,-4.749693799925812,1
237,NGC3348,0.00267951506386,0.297916452938,-0.32206074991300004,-4.8,0,4.45,0.87,-1.2109421910531957,-5.922119447153028,1
238,NGC3380,0.00197065229537,0.0426956573298,1.18478228403,1.0,1,2.0,0.53,-3.153658065797765,-6.2293906766375,1
239,NGC3381,0.005911365225130001,0.0361104768966,2.7406616284900003,3.6,1,1.44,0.74,-3.3211722370062327,-5.130878471681045,1
240,NGC3364,0.00280833479981,0.0313228999928,2.1269305575,5.0,1,1.03,0.8,-3.4634058197832354,-5.87516356922442,1
241,NGC3395,0.0249839040177,0.0965489715296,7.81399489286,5.8,1,1.31,0.54,-2.337704922369424,-3.6895235007594596,1
242,NGC3396,0.0249335279773,0.0963215107652,7.79159157661,9.3,1,2.89,0.41,-2.340063612689981,-3.691541876124083,1
243,UGC05958,0.000245739735375,0.0104810648489,0.6168265170880001,4.0,1,1.24,0.16,-4.55818499753149,-8.311237568374944,1
244,NGC3414,0.00164052166018,0.247283297942,0.602384677811,-2.0,0,5.6,0.75,-1.3972206443740314,-6.41274100224888,1
245,NGC3413,0.00435742015743,0.0227819654363,1.22191662029,-1.1,0,2.01,0.5,-3.7817860456550716,-5.435875103760342,1
246,NGC3424,0.00245317253786,0.117176634499,9.240288767480001,3.1,1,1.71,0.22,-2.1440727860579405,-6.0103731786905605,1
247,UGC05955,0.000409560427491,0.023192461182300003,0.0253917238308,-4.9,0,3.79,0.94,-3.7639280021560446,-7.800426101477072,1
248,NGC3430,0.010867234404200002,0.106193546094,8.22854638459,5.1,1,1.17,0.5,-2.2424919432638832,-4.522003034857072,1
249,NGC3437,0.006184398377640001,0.113529627669,8.86628143875,5.2,1,1.07,0.34,-2.175691439393562,-5.085725549066895,1
250,UGC05990,0.000565329502229,0.0102085082003,0.672634501029,2.1,1,1.58,0.24,-4.584533769106764,-7.478101807021068,1
251,NGC3440,0.00282503674111,0.00982787103793,0.78156850398,3.6,1,3.59,0.3,-4.622532946313042,-5.8692339087656515,1
252,NGC3403,0.00422785549404,0.0525957624524,3.47106503535,4.0,1,1.27,0.34,-2.945119724225189,-5.466060389883688,1
253,UGC06016,0.0014757312197,0.00248653535675,0.0640060980766,9.9,1,1.12,0.42,-5.9968649604253565,-6.5186016698604154,1
254,UGC06023,0.003828358791550001,0.0296510346676,2.60467942344,6.5,1,0.92,0.45,-3.518258258106783,-5.565319081583538,1
255,NGC3454,0.00121778579945,0.0290471955173,1.94311869194,5.4,1,0.5,0.14,-3.538833340196468,-6.710720987680584,1
256,NGC3455,0.00600001551107,0.0275014653763,2.4601001906,3.1,1,0.93,0.58,-3.5935159893183726,-5.11599322457909,1
257,NGC3445,0.00927919158198,0.0268512412773,2.4475659438900004,8.8,1,0.98,0.77,-3.617443229028801,-4.67998084998945,1
258,NGC3448,0.00895589949201,0.0646320631443,5.13032603451,3.8,1,2.88,0.32,-2.7390446578232166,-4.715442802728208,1
259,NGC3458,0.000304989942101,0.0603023083972,-0.007241488558029999,-2.0,0,3.53,0.69,-2.8083848941044494,-8.09523175861864,1
260,NGC3485,0.00699549506159,0.0676292990837,3.8884873618,3.2,1,1.25,0.82,-2.693713971433913,-4.962488899732145,1
261,NGC3488,0.00288560866964,0.0388726577535,1.75587877252,5.2,1,0.83,0.65,-3.2474641610117123,-5.848019423929777,1
262,NGC3501,0.00174330988075,0.0755390754266,4.819637834719999,5.8,1,1.07,0.11,-2.5831052012935136,-6.35196974238857,1
263,NGC3504,0.0122713535892,0.217426777392,12.289601111300001,2.1,1,9.43,0.51,-1.5258931408036052,-4.400487709375571,1
264,NGC3512,0.00541958124777,0.052992391035699984,2.80093922561,5.1,1,1.46,0.83,-2.93760694110066,-5.2177367270743735,1
265,NGC3521,0.0460702275477,2.05291008864,109.54794475700001,4.0,1,2.82,0.58,0.719258341968167,-3.0775883608735115,1
266,NGC3516,0.005109921254159999,0.17714636815,1.0986909472700002,-1.9,0,20.0,0.82,-1.7307789494331725,-5.276571285030076,0
267,NGC3526,0.00278741374522,0.08502121326300001,1.5442663124399998,5.3,1,1.03,0.19,-2.4648544858286834,-5.882641086093491,1
268,NGC3547,0.004488461801399999,0.0282078140417,2.19595555323,3.4,1,0.79,0.42,-3.568156245744127,-5.406245219130134,1
269,NGC3564,0.00031073979310400004,0.0946045177013,-0.108191791715,-2.1,0,2.52,0.28,-2.358050048236882,-8.076554674117723,1
270,NGC3592,0.000617216110638,0.0196645652102,1.22998995174,5.2,1,1.06,0.18,-3.9289369831724366,-7.390291335032401,1
271,NGC3596,0.0155123115462,0.13032200629,9.286871791160001,5.2,1,1.65,0.98,-2.037746919702492,-4.166121277037695,1
272,NGC3620,0.00883923951474,0.38665727226,25.152507820900002,2.0,1,11.53,0.35,-0.9502165797242964,-4.728554433777528,0
273,PGC034407,0.000119650175171,0.00540688701477,0.114370635846,-1.3,0,1.12,0.35,-5.220081764903795,-9.030938279582546,1
274,NGC3608,0.00169997507235,0.287617692108,-0.298174599323,-4.8,0,6.04,0.8,-1.2461231386573415,-6.377141691351004,1
275,NGC3621,0.113787433499,1.56553925714,67.3769933364,6.9,1,1.05,0.45,0.44823033789278316,-2.1734231895824068,1
276,UGC06324,0.000765664027027,0.0101507786611,0.243407687902,-1.9,0,2.66,0.36,-4.590204861057504,-7.1747670914542345,1
277,NGC3610,0.00177643523962,0.25355926491,0.194015162685,-3.9,0,5.42,0.69,-1.372157696647515,-6.333146597082654,1
278,NGC3613,0.00136774745379,0.248843178458,0.322471659578,-4.5,0,4.12,0.51,-1.3909323863177132,-6.594590086626897,1
279,NGC3619,0.00215231275785,0.156431814146,2.20179412855,-1.0,0,8.85,0.86,-1.8551350563012499,-6.1412123136690795,1
280,ESO377-039,0.0007865317457750001,0.00858482633809,0.207777077015,3.3,1,0.92,0.48,-4.757759013364962,-7.147877472930234,1
281,UGC06341,0.000472721820925,0.00303954119297,-0.0205573089219,7.9,1,1.49,0.23,-5.796048698319216,-7.657003458918282,1
282,NGC3626,0.0024254836113600004,0.197488156725,2.60379124069,-0.8,0,5.33,0.56,-1.622076662388357,-6.021724347110736,1
283,NGC3622,0.00376058736286,0.0221133410607,1.71158763639,7.3,1,1.36,0.53,-3.811574184687627,-5.5831801202538,1
284,NGC3627,0.0587972411084,1.8188064582700003,92.32809613,3.1,1,3.02,0.52,0.5981804938036284,-2.8336603451035,1
285,NGC3628,0.017621070692900004,1.5099922338,106.495790703,3.1,1,1.97,0.2,0.41210450763479883,-4.038659894548418,1
286,NGC3629,0.00701110584619,0.0251462920496,1.88874585048,5.9,1,1.35,0.79,-3.6830448267212703,-4.9602598377110905,1
287,NGC3631,0.0274730254849,0.252330049507,19.4723666375,5.1,1,7.07,0.95,-1.3770173281402793,-3.594550647156639,1
288,NGC3640,0.0026907243248,0.426836301232,-0.384214213597,-4.7,0,4.29,0.83,-0.8513547087384723,-5.917944855888991,1
289,NGC3655,0.00557952257534,0.121857357197,9.695693629900001,5.0,1,1.48,0.64,-2.10490412160359,-5.188652066224291,1
290,NGC3659,0.004756741382279999,0.035636613342,2.88929618291,7.7,1,0.92,0.46,-3.334381704968676,-5.348192428727751,1
291,NGC3666,0.00651878206962,0.08652408910560001,5.695453162919999,5.1,1,1.25,0.28,-2.4473324170446036,-5.033067719630744,1
292,NGC3665,0.00235796364685,0.403119164271,2.76149113746,-2.1,0,5.47,0.76,-0.9085230677638585,-6.049956893928124,1
293,NGC3674,0.000282746566976,0.0573478097006,-0.0218807357458,-1.9,0,3.77,0.33,-2.8586206279303283,-8.170959584594362,1
294,NGC3681,0.00528427998696,0.0910308894694,2.9134218133,4.0,1,2.51,0.88,-2.3965563853449305,-5.243018906034713,1
295,IC0691,0.00163606314512,0.0275614369622,1.284512208,-2.0,0,7.29,0.6,-3.5913376947836997,-6.415462444284823,1
296,IC2828,0.0015812946122200002,0.00513376033455,0.356860694357,10.0,1,1.45,0.43,-5.271916879634904,-6.44951139262477,1
297,NGC3684,0.00929399458864,0.07655081351489999,6.0567982464400005,4.0,1,1.46,0.66,-2.5698005296991195,-4.678386830561827,1
298,NGC3683,0.00178247900543,0.155745969107,12.589245096800001,4.8,1,0.76,0.26,-1.8595290021823865,-6.329750183905074,1
299,NGC3686,0.0123285105901,0.149904513576,9.72015925897,4.1,1,1.15,0.82,-1.8977567637465127,-4.395840764714589,1
300,NGC3691,0.00388050019805,0.0238397081214,1.49813679925,3.0,1,0.5,0.65,-3.7364026800898027,-5.551791216632845,1
301,NGC3692,0.002849468486,0.0742548946293,3.36283596753,3.0,1,1.3,0.21,-2.600251582538684,-5.8606227982344965,1
302,NGC3718,0.00839456959882,0.356209166683,8.3442452895,1.1,1,9.03,0.81,-1.0322371738058254,-4.78017025851975,1
303,NGC3729,0.004397403861689999,0.164676376143,5.63696785327,1.2,1,0.92,0.59,-1.803773087769484,-5.42674094362906,1
305,UGC06575,0.002624938601670001,0.0109413407425,0.948250359735,5.9,1,0.87,0.24,-4.5152069353384,-5.942697773052096,1
306,NGC3755,0.007560131494090002,0.0266307096253,2.10497745355,5.3,1,1.78,0.43,-3.625690231922152,-4.884866695543811,1
307,NGC3756,0.00703090538311,0.126654614783,7.282829982060001,4.1,1,0.68,0.49,-2.066291465906526,-4.957439792958491,1
308,NGC3757,0.000431496785863,0.0478274063791,0.041053414413,-2.1,0,4.42,0.82,-3.0401564485787285,-7.74825049622172,1
309,NGC3773,0.00495797149829,0.020871512245,0.946716716391,-2.1,0,2.99,0.88,-3.869370100288148,-5.306758594016158,1
310,NGC3786,0.00177691440749,0.0623473312594,2.24939855175,1.1,1,5.21,0.51,-2.7750344103479296,-6.33287689782956,1
311,NGC3788,0.0044210569499,0.13065147285,5.83752967604,2.3,1,1.66,0.24,-2.035222013829919,-5.421376482542645,1
312,NGC3795,0.0014148360638399995,0.022523925731900003,1.33383483017,4.0,1,0.93,0.22,-3.793177168882539,-6.560741610542218,1
313,NGC3796,0.000362186037727,0.0376921289946,0.14921513454399998,-3.0,0,5.01,0.58,-3.2783039863098318,-7.923352561775368,1
314,NGC3794,0.005552923285920001,0.0289445028712,1.5231109879299998,6.4,1,1.59,0.53,-3.5423749765442465,-5.193430771707343,1
315,NGC3813,0.00865264229947,0.124606399323,11.382897005899999,3.3,1,0.84,0.4,-2.0825953150150247,-4.749890536537424,1
317,NGC3846A,0.00325234600858,0.016320081065499998,0.965306173884,9.6,1,1.64,0.49,-4.115358962209738,-5.728378694254176,1
318,UGC06728,0.00148285926316,0.0270632884884,0.208894628156,-0.1,0,6.08,0.61,-3.6095771378138455,-6.513783120424044,1
319,NGC3870,0.00418738888039,0.0198982895335,0.98884731242,-1.2,0,2.16,0.52,-3.917121504036321,-5.475677918209308,1
320,NGC3898,0.00545318225825,0.314438239227,3.8617382301,1.7,1,6.99,0.58,-1.1569675997828563,-5.211555940114278,1
321,NGC3938,0.0364029046894,0.302017514815,22.4640741298,5.2,1,1.81,0.95,-1.197270267212816,-3.3131067083638848,1
322,NGC3941,0.00240776411142,0.390084315192,0.672812983709,-2.0,0,3.57,0.61,-0.9413923704247407,-6.029056716707747,1
323,NGC3945,0.00185777186761,0.346138302818,1.98082283889,-1.2,0,4.74,0.97,-1.0609168646636533,-6.288377429977268,1
324,NGC3952,0.004821574801850001,0.0180462146873,0.861468841927,9.3,1,1.08,0.35,-4.014819328810971,-5.334654681906242,1
326,UGC06879,0.00148191084903,0.0209789537808,1.07127368421,6.9,1,0.97,0.33,-3.8642355447121277,-6.51442290976788,1
328,NGC3982,0.012478129438200002,0.111519895672,7.379211761930001,3.2,1,0.9,0.84,-2.1935522674796863,-4.383777812034314,1
329,UGC06919,0.000289429071399,0.0091706562995,0.453804308114,7.3,1,1.03,0.26,-4.691746424991261,-8.147600294772667,1
330,NGC3990,0.00034215082763,0.0513145073608,0.00964416164052,-2.7,0,2.79,0.49,-2.969781772226752,-7.980258901658858,1
331,NGC3998,0.00279224783423,0.447782044526,0.781734124887,-2.1,0,6.58,0.82,-0.8034486727049115,-5.880908332179775,1
332,NGC4013,0.00350147560995,0.35475490909900004,19.2785593204,3.1,1,1.24,0.13,-1.036328124844638,-5.654570796493418,1
333,NGC4030,0.0233938257392,0.464136137931,35.1828820761,4.0,1,1.74,0.81,-0.7675773690760919,-3.755283148734088,1
334,NGC4032,0.0062881724291,0.0309946387733,1.62316817891,9.6,1,1.38,0.81,-3.473941032250095,-5.069084802300544,1
335,UGC06998,0.000858903765099,0.00509826630392,0.132591333927,8.8,1,1.38,0.52,-5.278854737452538,-7.0598536735726425,1
336,IC0755,0.00336561651084,0.0113374539529,0.770608770382,3.9,1,1.8,0.17,-4.479643525035348,-5.694144119935793,1
337,NGC4037,0.00371903314569,0.052949313619,2.33054193558,3.3,1,2.21,0.62,-2.938420169832715,-5.594291551551359,1
338,NGC4036,0.00143160453354,0.330728894688,1.14581265565,-2.4,0,2.35,0.38,-1.1064562884901668,-6.548959412312958,1
339,NGC4038,0.04673514655,0.527541227269,37.3065091634,8.9,1,0.21,0.65,-0.6395282607257439,-3.0632587945870204,1
340,NGC4039,0.0472419628341,0.537107719631,38.196586663000005,8.9,1,1.03,0.43,-0.6215566093737876,-3.0524727382600245,1
341,NGC4045,0.00748816873918,0.1487113521,8.3074009264,1.3,1,3.9,0.87,-1.90574808613002,-4.894431005448033,1
342,NGC4051,0.0253759997095,0.39943388268,23.7029260249,4.0,1,19.97,0.62,-0.9177070276476919,-3.6739514449775243,0
343,UGC07035,0.00156201191698,0.0128608686709,0.34385369592200005,1.8,1,1.31,0.3,-4.353566014172453,-6.461780598285167,1
344,NGC4067,0.00230200024589,0.040298477029,1.55725765657,3.1,1,1.75,0.69,-3.211441601587264,-6.073976861866639,1
345,UGC07086,0.00165466647871,0.0498835009362,2.49155559509,3.1,1,1.14,0.16,-2.99806497346009,-6.404155813899754,1
346,UGC07089,0.00239834067799,0.0168671630998,1.15752997616,7.9,1,1.03,0.22,-4.082386558995497,-6.032978164915327,1
347,NGC4100,0.00859654290323,0.251002385058,15.089494423900002,4.1,1,1.0,0.27,-1.3822928376723915,-4.756395144538021,1
348,UGC07094,0.000648365251571,0.00835856277969,0.17469967088100002,8.1,1,1.14,0.33,-4.784468782969853,-7.341056360576744,1
349,NGC4102,0.00500204152868,0.323566881187,22.481537146999997,3.1,1,8.99,0.61,-1.1283494439457813,-5.29790914414614,1
350,NGC4111,0.00176893691146,0.320160622433,0.921077459449,-1.3,0,4.96,0.23,-1.1389324640175442,-6.337376527832189,1
351,NGC4116,0.0124603834664,0.0635375087909,5.57585564013,7.3,1,1.64,0.44,-2.756124857851463,-4.385200990301852,1
352,NGC4117,0.000470178569805,0.0333728735234,0.572587082368,-2.0,0,2.51,0.41,-3.40001187894627,-7.662397999662164,1
353,NGC4125,0.00374842655102,0.761725431982,0.00292893802011,-4.8,0,5.07,0.57,-0.27216911371125563,-5.586419113445486,1
354,NGC4119,0.0017084095089,0.143542537189,1.36129915127,-1.2,0,2.86,0.38,-1.9411238613039064,-6.3721924530442955,1
355,NGC4123,0.0127904477048,0.12501717784299998,8.1964910184,5.0,1,5.09,0.48,-2.0793041283774762,-4.359056659719424,1
356,IC3019,0.000438320936596,0.0162264663616,-0.0573168807891,-5.0,0,1.35,0.88,-4.121111643797743,-7.732559183950487,1
357,NGC4138,0.0038794664243,0.192792179288,4.46299579165,-0.8,0,2.25,0.61,-1.6461424614873486,-5.5520576543139395,1
358,IC3021,0.000340540621704,0.00383710587944,-0.030394049909,8.6,1,1.4,0.68,-5.563036873769136,-7.984976139331815,1
359,NGC4144,0.013273888032799998,0.0736141193739,3.63517531448,6.1,1,1.44,0.24,-2.6089184323268224,-4.321956479370068,1
360,IC3023,0.000661379155931,0.00121592776486,0.0548261784361,9.7,1,0.69,0.79,-6.712247901100669,-7.321183272985765,1
361,NGC4151,0.0137925350057,0.569999209746,5.7480627146700005,1.9,1,4.96,0.91,-0.5621203045650285,-4.283627774796621,1
362,NGC4152,0.00935294249882,0.0595407335076,5.13310194807,4.9,1,1.34,0.79,-2.821094603893637,-4.672064279434861,1
363,UGC07178,0.000999722526262,0.00265735848579,0.0901339301526,9.6,1,1.04,0.92,-5.930422700044695,-6.908032791223097,1
364,IC3033,0.000937632941714,0.00377254617337,0.147843486471,7.8,1,2.18,0.45,-5.5800051279352765,-6.972152005678082,1
365,UGC07184,0.00141571927295,0.006448049813600001,0.434967877273,6.4,1,0.74,0.39,-5.043977548373408,-6.5601175569318295,1
366,NGC4165,0.0007729671064540001,0.0194298751721,0.730262116618,2.0,1,0.81,0.59,-3.9409434401064773,-7.165274063381872,1
367,NGC4168,0.00305241750771,0.246274311066,1.44851478262,-4.9,0,4.33,0.85,-1.401309278661828,-5.791821376845811,1
368,NGC4178,0.0148856859075,0.102563670082,9.37683652487,6.9,1,1.43,0.24,-2.277271501719146,-4.2073552051259515,1
369,IC3044,0.00178796501361,0.00788621024609,0.251793866483,6.1,1,1.42,0.47,-4.84263958320621,-6.326677169754472,1
370,NGC4179,0.00138617883419,0.240659126623,0.213836051749,-1.9,0,4.03,0.29,-1.4243737590695391,-6.5812043575408365,1
371,NGC4180,0.0013697618026300002,0.0830320606732,4.33792799144,2.0,1,1.26,0.36,-2.48852847259873,-6.593118420952099,1
372,NGC4183,0.00559506420376,0.0519165972101,3.7382789156,5.9,1,1.73,0.18,-2.95811674783077,-5.185870462081229,1
373,NGC4189,0.006694404808920001,0.0976978973599,7.17228920607,5.9,1,0.94,0.76,-2.325875241558028,-5.006483204624372,1
374,NGC4192,0.014912844915200002,0.625093255045,26.8571265569,2.6,1,5.62,0.42,-0.46985443230415275,-4.205532362558187,1
375,NGC4191,0.000567627106358,0.0441525101253,0.389362401811,-1.8,0,4.26,0.66,-3.1201054990681416,-7.474045857726354,1
376,NGC4193,0.00260227484351,0.0670416776379,3.5339356335300005,4.1,1,1.34,0.46,-2.7024407986897327,-5.951369276679884,1
377,PGC039052,0.0003157834209040001,0.00675783222675,0.193571638621,5.2,1,1.2,0.28,-4.997053116871245,-8.060453956241547,1
378,NGC4194,0.004762709768420001,0.082756690555,5.444387259019999,9.1,1,8.11,0.62,-2.4918504153649637,-5.3469384936368405,1
379,UGC07249,0.000813929514936,0.00276332333597,0.247665524986,9.6,1,0.53,0.27,-5.891321216373279,-7.113636786698665,1
380,NGC4197,0.004219890305,0.0368419304646,3.60512280039,6.7,1,1.15,0.19,-3.301118667648714,-5.467946145347898,1
381,NGC4200,0.000310282098375,0.027041684762,-0.0370218110095,-2.0,0,3.18,0.65,-3.6103757234613476,-8.078028679521234,1
382,IC3059,0.000865756701246,0.005480631857850001,0.220483250664,9.7,1,0.82,0.6,-5.206534882141666,-7.051906634317821,1
383,IC3061,0.0009958774346900002,0.023027310679700003,1.65907033727,5.2,1,1.21,0.18,-3.771074346623032,-6.911886365492037,1
384,NGC4203,0.00240532414729,0.370032970212,2.49525474861,-2.7,0,7.68,0.85,-0.9941631686327286,-6.030070603928536,1
385,IC3065,0.00032357792449,0.0152861294489,0.0381126993795,-2.2,0,1.5,0.7,-4.1808094337359645,-8.036070593617433,1
386,NGC4206,0.00429971894516,0.0635934324201,3.98923047162,4.0,1,1.48,0.17,-2.755245077803043,-5.44920562000948,1
387,NGC4207,0.00100961461091,0.06704418264119999,3.70022570068,7.7,1,1.06,0.31,-2.7024034345218024,-6.898186594303042,1
388,NGC4214,0.108470094377,0.35786348673600005,19.8180677125,9.8,1,1.64,0.83,-1.0276036872696257,-2.221280771855714,1
389,NGC4212,0.00972891881141,0.192147432663,12.590157016300001,4.9,1,0.76,0.57,-1.6494923231690535,-4.632652508032403,1
390,NGC4217,0.00514827140571,0.767004701832,30.2652873698,3.0,1,1.43,0.15,-0.265262347474609,-5.269094270026051,1
391,NGC4216,0.00489416249276,0.8551914754530001,20.9309777631,3.0,1,4.83,0.23,-0.15642988721971843,-5.319712112069038,1
392,NGC4215,0.00045543561278,0.08281785690480001,-0.00994165247376,-0.9,0,2.95,0.3,-2.4911115777414174,-7.694256206294246,1
393,IC3077,0.000300558307547,0.0171472190606,0.0482986301272,6.0,1,1.9,0.67,-4.065919272419428,-8.109868787713218,1
394,NGC4222,0.00123172966573,0.0403086361659,3.47761413435,6.6,1,1.05,0.11,-3.2111895360672094,-6.69933586511568,1
395,NGC4224,0.000646718285645,0.130323074077,1.44490581584,1.0,1,3.07,0.43,-2.037738726284849,-7.343599774598338,1
396,NGC4236,0.0759270420308,0.240641329867,9.91350120111,8.0,1,1.24,0.23,-1.4244477118604337,-2.5779823730442013,1
397,IC3096,0.000288927194131,0.006796981449250001,0.15653376289,0.7,1,1.16,0.33,-4.991276669876914,-8.149335825012024,1
398,IC3100,0.000157118646944,0.00729244192465,0.219174197286,-2.0,0,2.09,0.31,-4.920916819963399,-8.75850932500416,1
399,NGC4233,0.0005416478445669999,0.105571267885,0.0702240562059,-2.0,0,5.55,0.55,-2.248369029154006,-7.520894500963982,1
400,NGC4234,0.00408857914995,0.0298237218046,2.15162346645,8.6,1,0.67,0.8,-3.5124511684261632,-5.499557765383675,1
401,IC3099,0.00067260296034,0.00961200796693,0.460495610797,6.2,1,1.5,0.14,-4.644742132255782,-7.304355357329699,1
402,NGC4235,0.000813374156627,0.150121163033,0.783154831226,1.0,1,5.86,0.29,-1.8963125573898787,-7.114319337030561,1
403,NGC4237,0.00373478854308,0.129139919833,7.499780589260001,4.0,1,0.91,0.6,-2.0468588125599108,-5.590064076971932,1
404,NGC4239,0.000411266211638,0.0320419799632,0.136248692455,-4.5,0,2.85,0.53,-3.4407083620870655,-7.796269836265303,1
405,IC3102,0.0007128467854169999,0.0873732118516,1.09596369146,-0.7,0,3.22,0.54,-2.4375665438553176,-7.246244047854727,1
406,SDSSJ121727.85+071937.6,0.000145324506026,0.00152781401265,0.00837639003305,5.0,1,0.02,0.13,-6.48391731511612,-8.836541343481208,1
407,NGC4244,0.0475354704485,0.313857632835,16.6560893381,6.0,1,1.0,0.14,-1.1588157945047641,-3.0462791003336127,1
408,IC3105,0.00255956671734,0.0029637630681700004,0.257812537148,9.8,1,0.76,0.26,-5.821295511258235,-5.967917285854302,1
409,UGC07321,0.00254737670961,0.0234630991577,1.62711592302,6.5,1,1.4,0.08,-3.7523263405729796,-5.9726911906587645,1
410,IC3115,0.00300697116873,0.0178050478403,1.13798516891,5.5,1,1.25,0.62,-4.02827327535345,-5.806821963072925,1
411,NGC4251,0.00210369893472,0.290375463843,0.138644956093,-1.8,0,3.71,0.45,-1.2365804904998134,-6.164058086208409,1
412,NGC4252,0.00137005017604,0.00851184840279,0.360965130204,3.6,1,1.23,0.28,-4.7662961563640485,-6.592907914966061,1
414,NGC4254,0.0554004306549,0.660032403713,63.028723113199995,5.2,1,1.85,0.83,-0.41546634863201276,-2.8931679117049613,1
415,IC3131,0.000320577687632,0.015982361245600003,0.0219148338962,-3.0,0,1.61,0.95,-4.136269587006628,-8.045385915868852,1
416,NGC4255,0.00030672479369599995,0.0541895344367,0.0408250561185,-2.0,0,3.26,0.51,-2.9152674807549155,-8.089559649889749,1
417,NGC4258,0.08527373699819997,2.42725705066,79.7640342605,4.0,1,2.43,0.52,0.886761834057389,-2.461888761714112,1
418,NGC4259,0.000234109489045,0.0211712894055,0.07386005505439999,-2.0,0,3.13,0.37,-3.8551092884865414,-8.359721650136823,1
419,NGC4260,0.000727203644005,0.131373053256,1.13173402659,1.0,1,2.45,0.46,-2.029714268117458,-7.226304004105584,1
420,NGC4261,0.00441383166492,0.600752313251,-0.216595967263,-4.8,0,5.38,0.81,-0.5095725537678953,-5.42301210850372,1
421,NGC4262,0.00126476393303,0.155104163426,0.330852550093,-2.6,0,5.99,0.83,-1.8636583656654044,-6.672869788422784,1
422,NGC4266,0.017152912904799998,0.313454449801,1.49754628632,1.0,1,1.7,0.21,-1.160101225156193,-4.065587271116457,1
423,NGC4267,0.00118793687704,0.261364432586,0.27999446466,-2.7,0,12.41,0.93,-1.3418395521376971,-6.735537193258049,0
424,NGC4268,0.0002899130472570001,0.051788477426000006,0.08842874254730003,-0.3,0,2.88,0.42,-2.960587597974441,-8.145929516988696,1
425,NGC4269,0.00197697462608,0.857751121365,-0.114033784536,-1.1,0,8.02,0.81,-0.15344128991129352,-6.2261875694334305,1
426,NGC4270,0.000425309538792,0.08469475570589999,0.0387518899942,-2.0,0,2.24,0.44,-2.4687015953460865,-7.762693327571529,1
427,NGC4273,0.00910990437403,0.100713653427,9.93088186663,5.2,1,1.72,0.65,-2.295473903274676,-4.698393064578754,1
428,IC0781,0.000328650138261,0.018865628058,0.0780748576957,-2.7,0,2.64,0.74,-3.970413633885741,-8.02051678256103,1
429,NGC4276,0.00253404547585,0.0230875932378,1.4541304497,6.4,1,1.52,0.87,-3.7684598950112247,-5.977938250973504,1
430,UGC07387,0.000392551816768,0.0149972247029,0.921719215205,6.6,1,1.03,0.1,-4.1998901148048695,-7.842842012212008,1
431,IC3167,0.000208113309246,0.00965207605664,0.056189104240300006,-2.0,0,1.09,0.73,-4.640582251366436,-8.477427870598252,1
432,PGC039799,0.000786081907214,0.00181277186544,-0.045253836333800014,9.0,1,0.61,0.34,-6.3128981877580115,-7.148449563312909,1
433,NGC4281,0.00110730568235,0.236171129353,0.6870029179960001,-1.5,0,4.51,0.47,-1.443198612355067,-6.80582552755659,1
434,UGC07396,0.0011676336840699998,0.00653735454549,0.203227640816,7.6,1,1.28,0.32,-5.030222699094446,-6.752776070419623,1
435,NGC4287,0.000551722559371,0.0174384981581,0.825801284934,4.3,1,2.06,0.29,-4.049074978997239,-7.502465247872985,1
436,NGC4289,0.000655663562605,0.0359340844237,2.26744648389,5.6,1,2.97,0.15,-3.326069007064487,-7.329862762461445,1
437,NGC4292,0.000625513191401,0.0664659876446,0.558522979327,-1.9,0,3.55,0.63,-2.711064926153629,-7.376938138909582,1
438,NGC4294,0.0111208158863,0.054055976332300006,4.17943021799,5.9,1,1.14,0.38,-2.9177351705690473,-4.498936621781082,1
439,NGC4298,0.007279457761350002,0.366826624588,23.3218182927,5.1,1,1.16,0.54,-1.0028659551162966,-4.922698902878607,1
440,UGC07411,0.000143830299717,0.0195564762635,0.111178180186,0.1,0,2.19,0.34,-3.9344487807322612,-8.846876427522517,1
441,IC0782,0.00024075613363,0.0270937942678,0.0201248512119,0.4,0,2.55,0.6,-3.6084505711276855,-8.331726030435084,1
442,IC0783,0.00030530462681,0.018999482687,0.218366794232,-0.2,0,1.21,0.85,-3.963343527186358,-8.094200503375944,1
443,NGC4299,0.0113530453966,0.0362366093758,2.63380452616,8.4,1,0.89,0.96,-3.3176853624548133,-4.478269254164204,1
444,NGC4300,0.0005057164798959999,0.0601656699272,0.855673582305,1.0,1,2.46,0.33,-2.8106533563214593,-7.5895343621237785,1
445,NGC4302,0.00254474390759,0.328325525699,18.743915490899997,5.3,1,1.29,0.1,-1.1137497063578514,-5.973725259744132,1
446,UGC07422,0.000235488804109,0.0209317895446,0.5930463302619999,2.5,1,1.63,0.01,-3.8664862447650283,-8.353847186576337,1
447,NGC4305,0.000454078372236,0.041769651335,0.110722285719,1.2,1,1.76,0.52,-3.1755852477666897,-7.697240748750607,1
448,NGC4306,0.0004257966007130001,0.0288181580782,0.0439432471552,-2.0,0,1.92,0.74,-3.5467496016884246,-7.761548788831735,1
449,NGC4307,0.000915519720762,0.126626500513,4.56470993934,3.2,1,1.07,0.17,-2.066513466430194,-6.996018653107381,1
450,PGC040045,0.000295562327931,0.00189941128916,-0.069579833362,9.4,1,1.89,0.6,-6.26621128863302,-8.126630819735016,1
451,NGC4309,0.000462458340639,0.041545455052900006,1.29132134967,-0.7,0,2.64,0.51,-3.18096714867208,-7.678954079362781,1
452,UGC07436,0.000152125008625,0.00911600699518,-0.00380477686435,-2.1,0,2.14,0.56,-4.697723400247085,-8.79080794995979,1
453,PGC040074,0.000123099092081,0.00234348137348,-0.0751000532305,-5.0,0,0.82,0.41,-6.056117688796104,-9.002520900260041,1
454,NGC4303A,0.00609447668949,0.0133040724636,1.14326756816,6.3,1,1.82,0.82,-4.319685090353488,-5.100372378719409,1
455,NGC4312,0.00155158262635,0.11278781295,3.94437350304,2.1,1,2.22,0.24,-2.1822469869784564,-6.468479819709153,1
456,NGC4313,0.0014137582486300007,0.151153908417,4.004367027280002,2.1,1,2.26,0.23,-1.8894567002213132,-6.561503695976252,1
457,NGC4316,0.00103187809531,0.0772805305237,4.786364922240001,5.5,1,0.76,0.15,-2.560313224146728,-6.8763747435996505,1
458,IC3229,0.000711097592796,0.00465473003733,0.27776141249200004,4.2,1,1.16,0.29,-5.369871364063725,-7.24870087626405,1
459,NGC4321,0.0584397714267,1.04257281082,67.7268599324,4.0,1,4.54,0.83,0.041691514765134226,-2.8397586033547206,1
460,NGC4322,0.00017977426866799996,0.00608031984867,-0.140642296304,-2.4,0,1.23,0.71,-5.1026979776986,-8.623808557024597,1
461,NGC4324,0.00189124075159,0.134280783289,1.83499177513,-0.8,0,1.8,0.51,-2.007822273635901,-6.270522182978094,1
462,NGC4330,0.00293479500971,0.0585953011399,3.51573176187,6.1,1,1.6,0.11,-2.8371007709401237,-5.831117671510915,1
463,NGC4328,0.000358836913791,0.0195074014398,0.256192524664,-3.1,0,2.39,0.83,-3.9369613244121116,-7.932642551825726,1
464,NGC4339,0.0008611048787120001,0.148232484788,-0.0107822577727,-4.6,0,4.36,0.91,-1.9089733945394565,-7.057294250604067,1
465,NGC4340,0.00112936365788,0.180748976377,0.206313566101,-1.2,0,6.32,0.82,-1.710646081157086,-6.786100939497209,1
466,NGC4343,0.00107748248249,0.0955363226875,3.74735720154,3.0,1,2.91,0.34,-2.3482487615297547,-6.833127993668411,1
467,NGC4342,0.000511378961142,0.08551026179469999,-0.070406021153,-3.2,0,2.41,0.26,-2.459118889250722,-7.578399635683602,1
468,IC3258,0.004655973489739999,0.0124775217263,0.867863914559,9.6,1,1.33,0.75,-4.383826515383797,-5.369604262353574,1
469,IC3259,0.00103712759731,0.0174948410422,1.04172499498,8.0,1,1.2,0.51,-4.045849239102591,-6.871300312646453,1
470,NGC4341,0.0003718094501010001,0.0194476643419,0.213220594959,-2.0,0,2.53,0.3,-3.9400283013778497,-7.897129065837488,1
471,NGC4350,0.00175755784034,0.280367478288,0.7230131442919999,-1.8,0,3.71,0.28,-1.27165411382931,-6.343830024243471,1
472,NGC4353,0.00108301945095,0.0178891659334,0.6252138105380001,9.8,1,0.46,0.55,-4.023560004493566,-6.828002350875259,1
473,NGC4351,0.00405163852323,0.0349134635473,1.54525892446,2.8,1,1.72,0.67,-3.3548827491715274,-5.5086339060444995,1
474,NGC4352,0.000418714999737,0.0417241930566,0.0041134668855300005,-2.0,0,3.07,0.41,-3.1766741491874573,-7.77832006103584,1
475,IC3267,0.0011958569624,0.0185218626397,0.8055684085160001,5.9,1,0.73,0.95,-3.988803480323539,-6.728892227261466,1
476,IC3268,0.00406714523534,0.0261909033319,0.948268865842,10.0,1,1.43,0.79,-3.6423431295758526,-5.504813942013569,1
477,NGC4359,0.0031419488520000004,0.0301164614486,2.03617944519,5.1,1,1.21,0.26,-3.5026833647381586,-5.762912018084519,1
478,NGC4356,0.00149011872325,0.0618599788719,1.6297448147799998,5.7,1,1.1,0.14,-2.7828818532723134,-6.508899482165497,1
479,NGC4365,0.00548518280119,0.999922031692,-0.18262508056,-4.8,0,6.56,0.74,-7.79713476865249e-05,-5.2057048583371826,1
480,NGC4370,0.000394762246807,0.0727998850551,2.00927045833,0.7,1,3.99,0.53,-2.6200409026942046,-7.837226881099504,1
481,NGC4371,0.0015652253746700005,0.312655995738,0.344163860943,-1.3,0,3.5,0.79,-1.1626517479961445,-6.4597254559845725,1
482,NGC4374,0.00904388119892,1.7210759542200005,3.20473965972,-4.4,0,7.33,0.9,0.5429496500265998,-4.705666860552735,1
483,NGC4377,0.00104837933074,0.109775809041,0.570944006953,-2.6,0,3.7,0.81,-2.2093150925683465,-6.860509801760874,1
484,IC3305,0.000401626458674,0.00971621716286,0.0128023356797,-5.0,0,1.45,0.42,-4.633958917036002,-7.819988108604564,1
485,NGC4379,0.0006823633223630001,0.109038866194,0.0436495270335,-2.7,0,3.36,0.8,-2.2160508897220215,-7.289948311233918,1
486,NGC4376,0.00333356333429,0.0181290939507,1.1121153404100002,9.8,1,1.01,0.62,-4.010237230604827,-5.703713476749611,1
487,NGC4378,0.0026773135832,0.165261516269,3.0288448571900006,1.0,1,5.09,0.79,-1.8002261126997552,-5.922941381520911,1
488,NGC4380,0.00380909839137,0.143648369104,4.77266651091,2.4,1,1.82,0.55,-1.9403868468826866,-5.570362760532865,1
489,NGC4383,0.00955993870589,0.08910697009960003,5.38953958895,0.8,1,3.66,0.46,-2.417917719735605,-4.6501739634571635,1
490,IC3311,0.0007093282375529999,0.0117610989663,0.681276387105,7.5,1,0.61,0.17,-4.442957891362484,-7.251192180097499,1
491,PGC040547,0.000581598500706,0.0198781320919,0.283249440853,-2.4,0,0.82,0.53,-3.918135041328107,-7.449730209626554,1
492,IC3313,0.000486634628074,0.0171467161096,0.0740810848273,-4.0,0,4.68,0.79,-4.0659486041947135,-7.627996966821728,1
493,NGC4387,0.00043226305991,0.0756786160514,-0.0158185103858,-4.8,0,2.34,0.56,-2.5812596412529722,-7.746476220068985,1
495,NGC4388,0.00759918272322,0.269173299702,9.12369665613,2.8,1,4.18,0.28,-1.3123998700013377,-4.879714573890728,1
496,NGC4390,0.00421427349976,0.0257007941106,1.90524318788,5.0,1,0.89,0.75,-3.6612333883131987,-5.46927806305791,1
497,IC3322,0.00100904574276,0.024944716042200003,1.97956459098,6.3,1,1.14,0.18,-3.691093261089309,-6.898750203890979,1
498,UGC07522,0.000523265263723,0.0449780255885,2.57311779388,5.7,1,0.57,0.1,-3.1015812287345375,-7.555422026068886,1
499,NGC4396,0.005647861851520001,0.0423145901588,3.64441769947,6.8,1,1.59,0.27,-3.162623331389662,-5.176478238807054,1
500,IC3331,0.000289811969508,0.00467603187327,-0.0409821878512,-3.6,0,2.08,0.54,-5.3653054190418255,-8.14627822628052,1
501,NGC4402,0.00240859570198,0.178391520179,14.5176065115,3.2,1,0.9,0.19,-1.7237745925948629,-6.028711397586884,1
502,NGC4406,0.0184397980083,2.43803918243,16.720719189300002,-4.8,0,6.54,0.72,0.8911941024762833,-3.993244014910431,1
503,PGC040659,0.0116609116159,1.87627610092,1.7651231117099997,-5.0,0,6.8,0.71,0.6292890150852969,-4.451512917934118,1
504,NGC4411A,0.00363813561392,0.0286447649367,1.15099692913,5.4,1,1.2,0.92,-3.5527845772400974,-5.616283922527653,1
505,NGC4413,0.00334920859932,0.0617848215618,2.68486463626,2.1,1,2.55,0.73,-2.7840975504806513,-5.699031200062947,1
506,NGC4412,0.00450157714021,0.050711150499,2.89446256682,3.2,1,1.06,0.84,-2.9816094616195192,-5.403327468005869,1
507,NGC4415,0.000397852946686,0.0328621747824,-0.116186227939,-0.9,0,2.18,0.87,-3.4154329852885335,-7.829428101643086,1
508,NGC4416,0.00399865741433,0.0422601782316,2.59321098604,5.9,1,1.25,0.95,-3.1639100493019368,-5.521796620621613,1
509,NGC4417,0.0012720031118,0.197056321048,0.138280413693,-1.9,0,4.26,0.33,-1.624265697459279,-6.667162367683551,1
510,IC3355,0.001198617409,0.00336277036318,0.08675201373410002,9.7,1,0.37,0.31,-5.6949901318798295,-6.726586545600482,1
511,IC3358,0.000415250638619,0.0142152137644,0.0638591572123,-5.0,0,1.72,0.78,-4.253442496046411,-7.786628271557543,1
512,PGC040759,0.000144850776463,0.00634114780929,0.026786854002200003,-5.0,0,1.48,0.72,-5.06069548444445,-8.839806473300735,1
514,NGC4419,0.00203756909036,0.264887222164,8.379777769239999,1.2,1,2.44,0.31,-1.3284511203190192,-6.195997804045025,1
515,NGC4409,0.007246081712229999,0.0555171729854,4.34759039296,4.7,1,0.64,0.41,-2.891062882930861,-4.927294409698698,1
516,NGC4423,0.00251913963808,0.0179258597107,1.23641191676,7.8,1,1.06,0.18,-4.021510932101243,-5.983837849213967,1
517,NGC4424,0.00329029904344,0.105709117949,2.59886575278,0.9,1,3.14,0.4,-2.247064127300326,-5.716776823672912,1
518,NGC4425,0.000642910851408,0.0864444974755,-0.11410130212,-0.6,0,2.06,0.29,-2.448252718670359,-7.349504488116335,1
519,PGC040819,0.000227024585559,0.0831317748867,-0.00778089351963,-3.0,0,4.95,0.93,-2.4873282809308677,-8.390452239920275,1
520,IC3371,0.00119544760989,0.0105012548485,0.190825785008,6.0,1,0.92,0.14,-4.556260519578384,-6.729234594786491,1
521,NGC4430,0.00486229246971,0.0647923298458,4.02326727936,3.5,1,1.13,0.81,-2.736568049206945,-5.326245250699536,1
522,NGC4429,0.003561724551630001,0.7156316733210001,2.35630682665,-0.8,0,3.68,0.48,-0.3345896671182954,-5.637510426798754,1
523,PGC040821,0.00019450545942700006,0.00428919396603,-0.042483555719,-5.0,0,0.83,0.66,-5.4516564504014235,-8.545050326266281,1
524,NGC4434,0.00050686180968,0.0751761363316,0.0299041056789,-4.7,0,3.89,0.92,-2.5879214344040284,-7.587272156259337,1
525,NGC4435,0.00133905970175,0.267697895737,1.85967998853,-2.1,0,5.43,0.57,-1.3178961890134333,-6.615787626448543,1
526,NGC4436,0.000247315557995,0.0383199607438,0.13706419982,-1.8,0,2.43,0.43,-3.2617843503111086,-8.304845473992371,1
527,NGC4438,0.0049122059008,0.439175244841,7.86616241218,0.6,1,4.67,0.49,-0.8228567545807111,-5.316032171100518,1
528,NGC4440,0.0005762168946059999,0.0979266102962,-0.236968455816,1.1,1,4.34,0.91,-2.323536955386738,-7.459026415011306,1
529,UGC07579,0.000691129839258,0.00975266163979,0.685938604462,7.8,1,0.87,0.22,-4.6302150425306055,-7.277182851329606,1
530,NGC4442,0.00182507802836,0.400198358641,0.383466316625,-1.9,0,3.48,0.53,-0.9157949581877411,-6.306132537595909,1
531,IC0794,0.00027328794816799994,0.0210516360909,0.149608446021,-4.2,0,3.05,0.76,-3.8607769978408486,-8.204984563448603,1
532,NGC4449,0.169998401495,0.4890601543,35.3235168015,9.8,1,1.84,0.57,-0.7152697821445555,-1.7719662449466718,1
533,IC3381,0.00025668503112,0.0191851065375,0.0279934545976,-4.1,0,2.56,0.7,-3.953621002132104,-8.267660784526038,1
534,NGC4445,0.0008005543954339999,0.0454485623467,1.32945677204,2.0,1,0.71,0.16,-3.0911740903946905,-7.130206076013515,1
535,IC3391,0.00293077382483,0.0228059592294,1.2781034356999998,5.9,1,0.6,0.69,-3.780733407462328,-5.832488786784951,1
536,NGC4450,0.00490495429843,0.525748980044,8.197834899330001,2.4,1,3.57,0.58,-0.6429314044031118,-5.3175095033517445,1
537,UGC07596,0.000543033727005,0.00707322744317,0.0873658136788,9.8,1,1.0,0.43,-4.951438404910585,-7.518339127611164,1
538,NGC4451,0.0023002092835300004,0.0420981732672,2.31524661506,2.5,1,0.95,0.55,-3.1677509295629798,-6.0747551673475,1
539,IC3393,0.000205619520683,0.00768294147077,0.0612573371455,-1.6,0,1.66,0.42,-4.868752801143358,-8.489483083934026,1
540,IC3392,0.00125728475468,0.07172683347310001,2.5706664207900003,2.4,1,1.39,0.4,-2.634890354902561,-6.678800839882063,1
541,NGC4452,0.000718529829592,0.081150893463,0.0173749864712,-1.9,0,0.82,0.17,-2.5114449750636623,-7.238303336825421,1
542,NGC4460,0.00447205215982,0.086553472205,2.4806791555900003,-0.9,0,2.03,0.25,-2.4469928802558973,-5.409907879552457,1
544,NGC4458,0.0005567217947919999,0.0692721120956,0.298727354044,-4.9,0,3.45,0.87,-2.6697128766430045,-7.493444913564504,1
545,NGC4457,0.004812561997209999,0.341327989484,4.88245549585,0.3,0,7.87,0.73,-1.0749114179819408,-5.336525696914071,1
546,NGC4459,0.00396786629964,1.82417453683,3.58967097027,-1.6,0,5.63,0.8,0.6011275761257695,-5.529526784774365,1
547,NGC4461,0.00115029757568,0.212361110539,0.206250715883,-0.7,0,4.22,0.45,-1.5494671017691328,-6.767734608619081,1
548,NGC4464,0.000331201294327,0.0527843764662,0.199656605343,-2.7,0,3.21,0.72,-2.941540032318405,-8.012784227468655,1
549,IC3413,0.000309846104327,0.016942307884299998,0.0315252975271,-4.5,0,2.77,0.61,-4.077941360295262,-8.079434821405892,1
550,NGC4469,0.001184238026,0.209478757525,1.68130737619,0.2,0,2.48,0.33,-1.5631329408229253,-6.738655727252273,1
551,NGC4468,0.000363389766534,0.0320454484501,0.213201257242,-2.7,0,2.94,0.72,-3.4406001197378475,-7.920034562734431,1
552,NGC4470,0.005689538650810001,0.0367356850852,2.6173851320500003,1.9,1,0.68,0.64,-3.30400665069765,-5.169126114832346,1
553,NGC4472,0.0196403590147,3.46582364332,5.1314414709300005,-4.8,0,5.33,0.82,1.242950308094674,-3.9301686964520144,1
554,NGC4473,0.00356843326333,0.513261937914,0.386421662955,-4.7,0,6.33,0.55,-0.6669689639010825,-5.6356286413309435,1
555,NGC4474,0.00102605111227,0.125359566494,-0.310505999845,-1.9,0,4.36,0.47,-2.0765691390290555,-6.882037716447096,1
556,NGC4476,0.00097315627574,0.0592424519767,0.814487792352,-2.9,0,4.03,0.6,-2.8261168998803603,-6.934965876403713,1
558,NGC4477,0.0019206493058,0.436520633831,0.433997916655,-1.7,0,4.93,0.82,-0.8289196337292304,-6.255091970008283,1
559,NGC4482,0.00046808492727,0.025862053699,0.269266560088,-4.8,0,2.11,0.59,-3.6549784927437625,-7.666860809984407,1
560,IC3430,0.00030556355350400003,0.006135057460509999,0.173160726682,0.0,0,1.63,0.41,-5.093735834846823,-8.093352769878438,1
561,NGC4478,0.00106473537932,0.155945866898,0.114912098208,-4.9,0,1.94,0.81,-1.8582463390175856,-6.84502898081663,1
562,NGC4479,0.000406706455536,0.0483230206985,0.066725679758,-1.9,0,2.0,0.61,-3.0298472128538125,-7.80741887220928,1
563,NGC4480,0.0043673245227,0.0439722847147,3.32018740986,5.1,1,1.29,0.53,-3.1241957363774486,-5.433604694736888,1
564,NGC4483,0.000424648622013,0.0720479105596,-0.0539152016451,-1.4,0,2.78,0.62,-2.6304239568238694,-7.764248502738222,1
565,NGC4486,0.01537674625,2.20631407923,-0.470851096994,-4.3,0,3.8,0.89,0.7913232856878873,-4.174898894503189,1
566,NGC4488,0.000796797258572,0.0817827375345,0.0969094439685,-0.1,0,3.19,0.33,-2.5036890902295195,-7.134910292246993,1
567,NGC4491,0.000983468003025,0.0437078729475,0.964736139991,1.0,1,1.5,0.47,-3.13022703412558,-6.924425454446805,1
568,NGC4492,0.00172822178783,0.206501180647,1.64792487448,1.0,1,3.89,0.94,-1.5774491491785079,-6.3606622673977,1
570,NGC4497,0.0006258944079400001,0.0526553635006,0.162541980812,-1.1,0,1.39,0.44,-2.9439871747340356,-7.3763288785039505,1
571,NGC4496A,0.0169059695343,0.116680536544,8.105849995089999,7.4,1,1.28,0.77,-2.1483155355701515,-4.080088492541381,1
572,NGC4498,0.00647118029749,0.0504744995861,4.05583422382,6.4,1,1.12,0.4,-2.986287028926487,-5.040396760910673,1
573,IC0797,0.00297502522445,0.0256535424114,1.6695926949000002,6.1,1,1.2,0.7,-3.6630736111934716,-5.817502761213766,1
574,IC3459,0.000137502726148,0.00839383939017,-0.0837275975034,9.8,1,0.8,0.55,-4.780257248138711,-8.891866814523283,1
575,NGC4501,0.027933083641900003,1.1410751283299998,56.94334012270001,3.3,1,1.34,0.48,0.13197091299801286,-3.57794349903629,1
576,NGC4502,0.00150917610567,0.00737232825793,0.507822150961,5.9,1,0.87,0.51,-4.910021712503109,-6.496191402447107,1
577,NGC4503,0.000984387450794,0.300945186029,-0.0353389345647,-1.7,0,3.49,0.5,-1.2008271370325585,-6.923490987604616,1
578,NGC4506,0.0006526106562150001,0.0334617532521,0.496552832667,1.1,1,1.54,0.7,-3.397352186347316,-7.334529845076891,1
579,IC3468,0.000451088337149,0.0219813475513,-0.00758288649954,-4.8,0,2.71,0.82,-3.8175610238195006,-7.703847368131546,1
580,UGC07688,0.00123175109724,0.0484638032723,-0.0050615580328400005,9.7,1,1.01,0.77,-3.026938083959786,-6.6993184657429525,1
581,UGC07700,0.0024641347938200004,0.00920996845888,0.654132247795,7.9,1,1.99,0.65,-4.687468853380937,-6.005914529523052,1
582,IC3475,0.000368890405429,0.0146513756642,0.126776592927,-4.6,0,1.04,0.83,-4.223221045934403,-7.905010962295699,1
583,IC3476,0.00587850872417,0.0298192402134,2.43766131865,9.5,1,1.51,0.73,-3.51260144906471,-5.136452167576606,1
584,NGC4437,0.015354350988200004,0.455438661784,32.1854192968,6.0,1,0.8,0.11,-0.7864942326362675,-4.176356393113859,1
585,NGC4521,0.00033563641918700005,0.07891994785739999,0.198728051437,-0.2,0,3.49,0.29,-2.5393212585299176,-7.999482069631519,1
586,NGC4516,0.0004784718236580001,0.0411769386591,0.0595628865396,1.5,1,1.71,0.43,-3.1898769206242714,-7.644913233532312,1
587,NGC4519,0.012618214117,0.0644431300074,4.98261031191,6.9,1,1.77,0.84,-2.741972149422798,-4.372613944006469,1
588,NGC4522,0.00450662555208,0.0571441226849,3.61023987698,5.9,1,1.71,0.24,-2.862178734188959,-5.402206620136216,1
589,IC3499,0.00026086995067900004,0.021857568226400004,-0.215686287985,-0.4,0,2.48,0.29,-3.823208045495822,-8.25148854808149,1
590,NGC4525,0.00323479034951,0.0334790983669,1.91158528077,5.9,1,1.05,0.55,-3.3968339642223,-5.733791160081421,1
591,IC0800,0.00221918591888,0.0216237133017,0.888501629762,5.3,1,1.09,0.55,-3.8339647284338407,-6.110614853557219,1
592,NGC4526,0.00374598229758,0.859179120812,7.938020537839999,-1.9,0,3.82,0.44,-0.15177785625371684,-5.5870714006574715,1
593,NGC4528,0.000519737526102,0.0814453604065,0.193335249269,-2.0,0,2.41,0.56,-2.5078229080304166,-7.562186631317903,1
594,NGC4527,0.0063639684632,0.646363544791,46.36252402109999,4.0,1,4.81,0.4,-0.43639317065678945,-5.05710312401856,1
595,IC3509,0.000205884031245,0.008573685394029999,0.0366574406002,-5.0,0,3.35,0.77,-4.759057604501484,-8.488197502814781,1
596,NGC4531,0.00198297565387,0.118616542202,2.13271269008,-0.1,0,1.41,0.66,-2.131859323207189,-6.223156706942943,1
597,NGC4532,0.0181476126269,0.07939346292060001,7.46841935408,9.7,1,0.79,0.26,-2.533339245093239,-4.009216262630846,1
598,NGC4535,0.0373273130122,0.522374665095,33.6341016756,5.0,1,1.1,0.78,-0.6493701993341483,-3.288029967960504,1
599,NGC4533,0.00118608955702,0.0149441092646,0.743477196699,7.1,1,1.4,0.22,-4.2034380859190605,-6.737093469436229,1
600,NGC4536,0.0223125419251,0.401047749947,26.824033212699998,4.3,1,20.0,0.54,-0.9136747815901283,-3.802606340447966,0
601,IC3517,0.0006373232728090001,0.00409380496367,0.31637741894,8.5,1,0.83,0.5,-5.498280432430843,-7.358233538487154,1
602,IC3518,0.000169387278608,0.00872367736084,0.135532023606,10.0,1,1.19,0.37,-4.741714414265659,-8.683322875331276,1
603,IC3521,0.00164362692435,0.0287781636497,1.57835674911,9.8,1,0.97,0.44,-3.54813838603188,-6.4108499397616185,1
604,NGC4540,0.005520613857279999,0.100486261159,5.19199908342,6.2,1,1.0,0.78,-2.2977342657135433,-5.19926621884708,1
605,NGC4546,0.00246629946624,0.3951816330520001,0.7833417505570001,-2.7,0,4.29,0.46,-0.9284097892592739,-6.00503644355946,1
606,NGC4550,0.0012094851414000002,0.112736536097,0.34757222482199995,-2.0,0,1.97,0.31,-2.1827017215035776,-6.717560512900772,1
607,NGC4562,0.00139227435195,0.0170747877584,0.93199441612,7.1,1,0.87,0.34,-4.070152303564469,-6.576816644571866,1
608,NGC4551,0.000455695771783,0.0968116958759,0.0556933358366,-4.9,0,2.36,0.7,-2.334987466834122,-7.693685138247467,1
609,NGC4552,0.00587097254757,0.901034402511,1.1708435976,-4.6,0,7.61,0.92,-0.10421183951561017,-5.13773497784868,1
610,PGC041994,0.00012689898982,0.000483413861351,-0.0604309865759,8.0,1,1.32,0.17,-7.634637415403893,-8.97211914371691,0
611,NGC4559,0.0601992717949,0.353347867395,26.0291295598,6.0,1,1.37,0.41,-1.0403022472533268,-2.810095023170757,1
612,NGC4561,0.008594118857979999,0.031196749890700006,1.59957602062,7.2,1,1.14,0.9,-3.467441359762661,-4.756677163380545,1
613,NGC4565,0.0164038158207,1.50706517515,60.3177228629,3.2,1,1.39,0.13,0.4101641669838967,-4.110241299222013,1
614,NGC4564,0.00139592418439,0.217789547894,-0.135275268261,-4.6,0,4.18,0.43,-1.5242260591022094,-6.5741985852929705,1
615,NGC4567,0.0136485049739,0.579433743286,40.4070419175,4.0,1,1.21,0.66,-0.5457039570168183,-4.29412528907116,1
616,NGC4568,0.0136677367946,0.577388560679,40.351792963499996,4.1,1,1.71,0.38,-0.5492398237282211,-4.2927172019674815,1
617,PGC042068,0.0006914309337160003,0.0091044160496,0.0417551948094,10.0,1,1.76,0.56,-4.6989957029938525,-7.276747290783341,1
618,NGC4569,0.0186527679056,0.768540123454,20.625247218,2.4,1,3.49,0.37,-0.2632625072766005,-3.9817607307355565,1
619,NGC4570,0.0014413681071400002,0.270916373514,0.35523875570200003,-1.9,0,4.2,0.26,-1.3059450905437169,-6.54216254202648,1
620,IC3586,0.00034079641944200005,0.0133495245363,0.180840469017,-2.0,0,5.48,0.8,-4.316274510028544,-7.984225269396465,1
621,NGC4571,0.007917151232,0.421106669839,8.02252847452,6.4,1,1.49,0.9,-0.8648691048539641,-4.838723830790114,1
622,NGC4589,0.0022261295579,0.313148226407,0.176959732816,-4.8,0,5.28,0.8,-1.1610786337438226,-6.107490825711051,1
623,PGC042147,9.26426523663e-05,0.00221293412202,0.0498978201285,1.6,1,0.74,0.42,-6.113435986987136,-9.286760913652424,1
624,NGC4578,0.0010165208252,0.141855387208,0.205675635484,-2.1,0,5.98,0.68,-1.9529471402461038,-6.891369437943902,1
625,PGC042160,0.00225575153372,0.00741631761224,0.351306678353,9.5,1,0.73,0.56,-4.904072623663722,-6.094272087174124,1
626,NGC4579,0.0131662857155,0.896329819413,21.2143305742,2.8,1,5.0,0.72,-0.10944683171669761,-4.3300958291617375,1
627,UGC07795,0.00182273730131,0.0030258584489899995,0.205310255248,9.8,1,0.81,0.66,-5.8005604429685365,-6.3074158960774795,1
628,NGC4580,0.00233236875688,0.105731511063,4.28282942012,1.6,1,1.04,0.68,-2.2468523126250823,-6.060870893972669,1
629,NGC4584,0.000779302342232,0.0251755525424,0.650257904726,1.4,1,1.72,0.74,-3.681881892558783,-7.157111471560441,1
630,UGC07802,0.0008543379656589999,0.00994500849482,0.477743979418,6.1,1,0.82,0.15,-4.610684512496577,-7.065183698130457,1
631,NGC4586,0.0011456761321099998,0.131272218756,2.18890519083,1.2,1,4.89,0.45,-2.030482106077621,-6.771760307864396,1
632,IC3611,0.0010507344548,0.0119954276583,0.356036093507,6.3,1,1.69,0.59,-4.423229730278931,-6.858265878573449,1
633,NGC4591,0.00163344816758,0.030476628527900007,1.55419716971,3.1,1,1.39,0.47,-3.4907951668834225,-6.417062058323432,1
634,NGC4592,0.016916950668600002,0.0545168941079,4.648612780540001,7.9,1,0.83,0.3,-2.9092446417167452,-4.079439161577646,1
635,IC3631,0.000958573054685,0.0134398503884,0.060578618569800013,-1.2,0,1.75,0.51,-4.309531075764569,-6.9500647806626015,1
636,NGC4595,0.00525502265677,0.0384914207234,2.46742863775,4.0,1,0.98,0.66,-3.2573199008738003,-5.24857096319344,1
637,NGC4596,0.0026650545112,0.437815820265,0.980227164323,-0.8,0,4.52,0.65,-0.8259569587193962,-5.927530767089467,1
638,NGC4594,0.027665850149,4.71332339135,36.7662630054,1.1,1,3.62,0.44,1.5503932624664092,-3.587556472975904,1
639,NGC4606,0.00169909471599,0.0930959095972,1.60204566692,0.6,1,2.19,0.42,-2.3741250312475555,-6.377659689764984,1
640,NGC4607,0.0007036061699510001,0.0639749642086,5.47392551855,4.0,1,1.07,0.14,-2.749263456395605,-7.259291776021923,1
642,NGC4612,0.00495761933981,0.21195246136,0.35380805699900003,-2.0,0,3.05,0.76,-1.5513932683233431,-5.306829625281142,1
643,NGC4618,0.0338746883199,0.159266380197,9.0019571587,8.6,1,1.58,0.79,-1.8371771314395189,-3.385087200713161,1
644,NGC4625,0.007405464922739999,0.0515772719097,2.60518182212,8.7,1,1.28,0.93,-2.964674170394924,-4.905537048258252,1
645,NGC4627,0.00371746635202,0.044546002331600006,2.3329932870200003,-4.7,0,1.1,0.65,-3.1112328635114457,-5.594712930909663,1
646,NGC4621,0.0109375879943,1.07052638133,5.29383775547,-4.8,0,6.34,0.62,0.06815047267668553,-4.515549982137624,1
647,NGC4631,0.131987682435,1.20252012291,119.55538713700001,6.5,1,1.84,0.21,0.18441945708645377,-2.0250466756362346,1
648,NGC4630,0.004352878610109999,0.053001117373199985,3.81610051362,9.7,1,1.57,0.66,-2.937442283139041,-5.436917903290589,1
650,NGC4633,0.00271443421874,0.0189527289246,1.5410561391600002,7.9,1,0.98,0.4,-3.9658073512464553,-5.909171738200298,1
651,NGC4638,0.00123608285814,0.192171769556,0.103347610065,-2.6,0,3.1,0.44,-1.6493656737958657,-6.695807884863442,1
652,NGC4636,0.00923315732259,1.23731531036,0.06968778754369999,-4.8,0,5.92,0.8,0.21294396016915615,-4.684954217174026,1
653,NGC4639,0.00834480163694,0.116478674028,4.05525177055,3.6,1,1.97,0.66,-2.1500470782867427,-4.786116492439652,1
654,NGC4643,0.00277621336135,0.460088144478,3.7472351490800007,-0.5,0,4.41,0.66,-0.776337189425028,-5.886667380015165,1
655,NGC4647,0.023434364767400004,2.45225801324,16.415854396,5.1,1,1.92,0.83,0.8970092381661956,-3.753551754123768,1
656,NGC4649,0.0244571411276,2.52035703552,15.3626455674,-4.6,0,4.69,0.8,0.9244005722494655,-3.710833035047101,1
657,NGC4651,0.017075296905499998,0.267429155195,12.3187028584,5.1,1,1.52,0.65,-1.318900588115009,-4.070122485360207,1
658,NGC4654,0.0242080897933,0.769449960871,27.793332616300006,5.9,1,1.62,0.48,-0.2620793559254844,-3.721068412702269,1
659,NGC4656,0.0899488413473,0.0921409757691,6.593048637560001,9.0,1,1.93,0.25,-2.384435529459896,-2.4085141997435984,1
660,UGC07916,0.00192634562224,0.29334295597,0.299076715748,9.9,1,1.7,0.5,-1.226412856272867,-6.252130530905987,1
661,PGC042902,0.000200228321163,0.0124475518269,-0.003517967917510001,-5.0,0,3.23,0.64,-4.386231315817319,-8.516052236737643,1
662,NGC4660,0.0014282878948399995,0.18393838363,0.0979910607522,-4.6,0,3.53,0.56,-1.6931544490312451,-6.551278828353899,1
663,IC3718,0.0008336142284830001,0.014793150982700003,0.200023926562,-2.5,0,1.17,0.32,-4.2135909767630055,-7.08973981839323,1
664,NGC4624,0.00255408564492,0.413130238699,0.052853177165400014,-0.6,0,4.99,0.69,-0.8839923877933478,-5.9700609882926825,1
665,NGC4666,0.010580896022299998,0.619801812331,50.9067832086,5.0,1,1.64,0.23,-0.4783555095750037,-4.548705165939508,1
666,NGC4668,0.004580113260430001,0.0215215436363,1.4558412712,7.5,1,0.71,0.48,-3.8387008159497107,-5.38603155181028,1
667,PGC091228,0.000205847783038,0.0026775335000500003,0.047629381887800006,7.4,1,1.99,0.33,-5.922859244030631,-8.488373579599894,1
668,NGC4684,0.0026887047213400004,0.148364337989,0.7302543262960001,-1.2,0,2.6,0.34,-1.908084287175113,-5.918695717565041,1
670,NGC4688,0.00999621048292,0.0285369724529,2.22737007307,6.0,1,1.75,0.81,-3.5565547533978377,-4.605549209516435,1
671,NGC4691,0.0190327961605,0.201060774964,7.827706496760001,0.3,0,2.81,0.47,-1.6041480536205674,-3.961591674127357,1
672,NGC4698,0.00435892743797,0.363709807695,4.91017737735,1.6,1,3.54,0.72,-1.011398960910659,-5.435529252349868,1
673,NGC4697,0.007829944096960001,1.20760090664,-0.301219827847,-4.5,0,5.27,0.6,0.18863566962866826,-4.849799908601336,1
674,NGC4696,0.00778651838775,1.10789801001,0.71890941091,-3.8,0,2.96,1.0,0.10246453536091113,-4.855361452540627,1
675,NGC4701,0.0113746451729,0.0508587053675,3.81740759103,5.9,1,1.47,0.75,-2.978703974139119,-4.476368508222862,1
676,NGC4710,0.00220302871058,0.350903076258,7.32737254123,-0.9,0,2.2,0.2,-1.0472452296659354,-6.117922178754797,1
677,UGC07982,0.000891262964548,0.0357859135129,1.77468740182,3.3,1,1.26,0.13,-3.3302009403012813,-7.022871039864148,1
678,NGC4713,0.019331937641200003,0.07093256761250001,6.93359018548,6.8,1,0.96,0.74,-2.646025605177583,-3.9459967506821347,1
679,NGC4725,0.0296798148259,1.11305548548,31.4997977908,2.2,1,5.37,0.59,0.1071089232341175,-3.517288099721962,1
680,UGC07991,0.00057385009856,0.0145363704035,0.6942389711,6.5,1,0.81,0.12,-4.231101466409125,-7.4631423480854115,1
681,NGC4720,0.0036436240386,0.0203598986489,1.11637255252,-2.6,0,1.13,0.45,-3.8941880652640712,-5.61477647762938,1
682,NGC4736,0.0998929267711,3.6454312778300006,64.531029641,2.3,1,5.03,0.87,1.2934746788536344,-2.3036563989263787,1
683,NGC4731,0.0231109031165,0.0943799446476,7.5254214636,5.9,1,2.41,0.34,-2.3604266791684925,-3.7674507764243637,1
684,PGC043526,0.00318193042178,0.011506751728999998,0.592050527139,10.0,1,1.19,0.62,-4.464821309023178,-5.750267215496685,1
685,NGC4747,0.00361794861244,0.0597936095603,3.68281806651,7.3,1,1.66,0.31,-2.8168564872759996,-5.621848095415595,1
686,NGC4746,0.0029942814492,0.0724148762045,6.562441155369999,3.2,1,0.75,0.2,-2.625343528259191,-5.81105099299402,1
687,NGC4754,0.00164761576134,0.360325939326,0.534162505606,-2.4,0,5.92,0.7,-1.020746270130918,-6.408426029206298,1
688,NGC4753,0.00554083157553,0.8036601988140001,7.38741296133,-1.3,0,4.19,0.62,-0.2185787374309502,-5.195610685601125,1
689,NGC4758,0.00161349427428,0.0415918124552,2.8310192965900005,9.0,1,1.52,0.17,-3.1798519470664957,-6.42935309511196,1
690,NGC4762,0.00399736817394,0.430640462127,0.879393103322,-1.8,0,4.07,0.14,-0.8424817316132545,-5.522119090925626,1
691,NGC4765,0.00706274414384,0.0219031965733,1.93498153046,1.5,1,1.51,0.58,-3.821122690559993,-4.952921614067781,1
692,NGC4771,0.00279376735606,0.087425505637,4.60426635973,6.0,1,0.86,0.23,-2.4369682123834235,-5.880364287161737,1
693,NGC4772,0.00238515092764,0.192179059108,2.87080851835,1.2,1,5.27,0.69,-1.6493277420342707,-6.038492874614706,1
694,NGC4775,0.0203209602631,0.08112466522999999,5.3845317986399985,6.9,1,1.24,0.87,-2.5117682305611586,-3.8961024003461118,1
695,NGC4779,0.004894430046840001,0.0465875608867,2.92562601089,4.6,1,2.73,0.55,-3.0664217072454973,-5.319657445562288,1
696,NGC4789A,0.00414669051799,0.0099818775708,0.498242776123,9.9,1,0.6,0.46,-4.60698407300693,-5.485444728428907,1
697,NGC4793,0.007146269119439998,0.121414206828,12.7414060608,5.0,1,0.93,0.45,-2.108547382261284,-4.941164859938912,1
698,NGC4791,0.0004053316732180001,0.0101453894614,0.357994792175,0.7,1,0.86,0.59,-4.590735916948856,-7.810804879793935,1
699,UGC08032,0.000311147925023,0.0278799227852,0.903319382503,2.0,1,1.0,0.18,-3.579848462634539,-8.07524211570662,1
700,NGC4795,0.0007917119939550001,0.101271733618,0.194123051133,0.6,1,5.97,0.73,-2.289947943012867,-7.141312876280572,1
701,PGC093119,0.0008178718443730001,0.101406771615,0.230275899346,-3.2,0,5.56,0.72,-2.2886154088418023,-7.1088049031061304,1
702,UGC08042,0.0007968119690950001,0.00521229284347,0.334416770447,5.5,1,1.78,0.73,-5.256735434906914,-7.134891830352138,1
703,NGC4799,0.00126612508831,0.049609162837500005,2.20816482632,2.5,1,0.64,0.29,-3.003579727685579,-6.671794154209068,1
704,NGC4808,0.0101640974346,0.096543798145,9.21921153755,5.9,1,1.1,0.35,-2.3377585068160083,-4.588893627324595,1
705,NGC4826,0.033993670737,2.52034705462,40.2968211094,2.2,1,2.58,0.58,0.924396612128093,-3.3815809264890477,1
706,NGC4845,0.00138233471063,0.288619033641,12.8702896212,2.2,1,3.67,0.28,-1.2426476831850632,-6.583981390030097,1
707,PGC044532,0.0156086220719,0.0297532722431,1.1706398147,9.0,1,0.92,0.43,-3.514816161674399,-4.159931820490665,1
708,NGC4866,0.0017688781770399996,0.229990241016,1.34534914981,0.0,0,3.06,0.26,-1.4697184013243525,-6.337409731613922,1
709,NGC4904,0.00648629652156,0.0693110657883,4.60929795509,5.8,1,1.72,0.8,-2.669150706048843,-5.038063554972721,1
710,NGC4941,0.00468983774585,0.20658596276,5.87970581118,2.1,1,4.97,0.57,-1.5770386686513669,-5.362357292889987,1
711,UGC08181,0.000589215460877,0.00316882267968,0.044921198283400014,8.1,1,0.96,0.3,-5.75439515449965,-7.4367186332635224,1
713,NGC4961,0.00369056290289,0.0194660943891,2.00705672092,5.6,1,1.66,0.67,-3.9390810760683954,-5.601976284355324,1
714,UGC08201,0.00760070073114,0.0145806058475,0.263665064532,9.9,1,0.65,0.5,-4.228062999938466,-4.879514834474356,1
715,NGC4981,0.0155836681496,0.184378644125,8.22457868622,4.0,1,2.28,0.66,-1.6907637873376102,-4.161531826610533,1
716,UGC08246,0.0032696231352100005,0.0097095879926,0.837974960701,6.0,1,1.26,0.21,-4.634641428825272,-5.723080549885925,1
717,NGC5014,0.00165836559367,0.0351975991362,1.7973322324,1.1,1,1.88,0.28,-3.3467774050621997,-6.4019227437595605,1
718,NGC5012,0.0066415170629,0.120497341546,7.888700551749999,5.1,1,0.9,0.5,-2.1161275881537147,-5.014414868261538,1
719,NGC5016,0.00464172308539,0.0473350097662,2.67899002858,4.4,1,1.25,0.71,-3.0505050930803996,-5.372669627069117,1
720,IC4213,0.00233700427699,0.014637545794899997,1.03924762498,5.9,1,1.05,0.15,-4.224165421462,-6.058885393307279,1
721,NGC5023,0.00733236180114,0.0439136266375,1.65320268398,6.0,1,0.92,0.14,-3.125530605300297,-4.915457604731129,1
723,NGC5033,0.0247705218911,0.600199442341,44.6477683239,5.0,1,3.32,0.42,-0.5104932750982614,-3.6981009662195814,1
724,NGC5055,0.0694418252024,2.41468902665,147.228381049,4.0,1,2.74,0.58,0.8815705113805862,-2.667265924378702,1
725,UGC08333,0.0007272709837930001,0.00347890821193,0.21914351805,9.6,1,0.88,0.31,-5.6610367666240204,-7.22621140738817,1
726,NGC5103,0.0007272514134699999,0.0649807352395,0.357675566491,-2.0,0,3.2,0.44,-2.7336644339467773,-7.226238317008865,1
727,UGC08412,0.000517030373066,0.00374745793435,0.004697127784779999,6.1,1,0.92,0.42,-5.5866775530405155,-7.567408936504498,1
728,NGC5116,0.0017392578495899998,0.038658062411300015,2.42878858605,4.9,1,0.6,0.3,-3.2529999251516757,-6.354296779966741,1
729,NGC5117,0.00272664381624,0.0109223600539,0.847449074884,5.8,1,1.39,0.38,-4.516943209864391,-5.904683797422785,1
733,NGC5145,0.00135870850995,0.07669008981610001,5.775120607050001,0.0,0,2.06,0.61,-2.5679827860481463,-6.601220655450454,1
734,NGC5128,0.150903002516,19.700061641199998,280.295801103,-2.1,0,4.3,0.95,2.9806217647339714,-1.891118016017285,0
735,NGC5147,0.0117934168413,0.0586004993332,4.52106332111,7.9,1,0.56,0.83,-2.837012061391105,-4.440213797996814,1
736,NGC5194,0.214615231845,3.7791265967,219.51198379099998,4.0,1,3.08,0.89,1.3294929238591617,-1.5389084734618492,1
737,NGC5195,0.215186598854,3.68347865851,219.46967502099997,0.6,1,8.12,0.94,1.303857593316427,-1.536249725616822,0
738,NGC5240,0.00199882338958,0.0278571112599,1.2899920331,5.7,1,0.75,0.66,-3.5806670037343467,-6.2151965767516035,1
739,IC0902,0.00100416580032,0.035449525221099995,2.3952004324900003,3.1,1,2.51,0.17,-3.3396454190104707,-6.903598131585713,1
740,NGC5236,0.432618850133,5.996237946159999,399.484458675,5.0,1,8.21,0.77,1.791132263602389,-0.8378981923648808,0
741,NGC5248,0.0245165813268,0.498411464855,38.1749722708,4.0,1,3.97,0.65,-0.69632930845284,-3.7084056015007687,1
742,UGC08630,0.00246743074432,0.0111831624383,0.918338933066,6.6,1,1.91,0.17,-4.4933459855743525,-6.004577854195411,1
743,UGC08662,0.0006440821970140001,0.0042791332582,0.199887670335,6.0,1,0.47,0.15,-5.454004799662658,-7.347684204889682,1
744,NGC5273,0.00101587284368,0.119372111932,0.285518038703,-1.9,0,3.13,0.85,-2.1255096737136947,-6.892007091516512,1
745,UGC08693,0.00105029270982,0.012684957656,0.8667232863750001,4.2,1,1.14,0.29,-4.367338424052348,-6.8586863824050495,1
746,NGC5290,0.00126041347036,0.15524288722100002,5.23977391589,4.0,1,3.53,0.18,-1.8627643742196984,-6.676315460769175,1
747,NGC5301,0.00427563709313,0.10630800826,7.838685124219999,4.6,1,1.15,0.2,-2.2414146600654825,-5.45482216006418,1
748,NGC5300,0.00823630074221,0.0797004810822,4.81151334008,5.3,1,0.95,0.66,-2.529479657041074,-4.7992039749162485,1
749,UGC08756,0.0004566981496859999,0.0245472287547,0.625160849707,1.2,1,2.33,0.35,-3.707156312795505,-7.691487889268281,1
750,NGC5334,0.00950237485714,0.08036158903589999,5.23088861164,5.3,1,1.01,0.72,-2.5212189652650023,-4.656213526654571,1
751,NGC5347,0.00238969816437,0.0616772628418,2.20145030691,2.0,1,18.14,0.61,-2.7858399274659558,-6.036588212072682,0
752,NGC5350,0.005856741908850001,0.135323397461,7.084714234700002,3.6,1,1.26,0.95,-2.000087828519593,-5.14016181826285,1
753,NGC5338,0.000803011349461,0.0243704822032,0.5199458918600001,-2.0,0,3.32,0.52,-3.7143826247865714,-7.127141710292985,1
754,NGC5353,0.0020851882923,0.498333796203,1.37597093431,-2.1,0,2.33,0.44,-0.6964851529904398,-6.1728961197513454,1
755,NGC5354,0.00419591088694,0.481488018106,4.438241542219999,-2.1,0,8.12,0.89,-0.7308739325686386,-5.473644826295152,1
756,NGC5355,0.000185014080904,0.0220935391959,-0.0198804310261,-2.0,0,2.85,0.69,-3.812470057276213,-8.5950786227878,1
757,NGC5358,0.000135611502257,0.0149291978315,0.141762797843,-0.4,0,3.0,0.35,-4.204436397508096,-8.905716361151278,1
758,NGC5348,0.00203148255249,0.023837759978,1.48076210428,3.8,1,1.67,0.16,-3.736484401853929,-6.198989431059714,1
759,NGC5356,0.00102473094988,0.06921479070610001,3.83316024458,3.8,1,0.73,0.19,-2.670540700669881,-6.883325188769701,1
760,NGC5360,0.0006850551546340001,0.0190083647161,0.50987622649,0.1,0,1.54,0.36,-3.96287614848072,-7.286011205229557,1
761,NGC5363,0.006109102149390001,0.7454270316930001,4.39315474047,0.1,0,5.92,0.75,-0.2937980279138182,-5.097975464323185,1
762,NGC5364,0.0200500971058,0.302661653917,18.0570798209,4.0,1,1.69,0.66,-1.1951397511343418,-3.909521282059242,1
763,UGC08857,0.000345363883414,0.00717011010012,0.204112923588,1.0,1,2.55,0.24,-4.9378342688232335,-7.97091196224124,1
764,NGC5398,0.00985494639493,0.0376481903806,1.83560107952,7.9,1,1.16,0.9,-3.27947039015165,-4.6197817777702275,1
765,NGC5457,0.331965057421,2.46208054162,199.10195541,5.9,1,1.81,0.88,0.9010067411264426,-1.1027255643366125,1
769,NGC5474,0.0269704338713,0.127375196856,5.55019543904,6.1,1,1.93,0.62,-2.060618241956635,-3.6130140547778415,1
770,NGC5477,0.0040081496287,0.009109968837,0.237858315394,8.9,1,0.87,0.64,-4.698385988462554,-5.519425583386434,1
772,SDSSJ140638.13+545947.6,0.000327720143627,0.004405076353649999,0.14528861997099998,9.0,1,1.38,0.4,-5.424997686338995,-8.023350534429436,1
774,NGC5485,0.0013731696140299998,0.197866666753,0.4847413469100001,-2.0,0,4.31,0.79,-1.6201618753607554,-6.5906336244802075,1
775,NGC5486,0.0033410446230300005,0.0124127147921,1.0462370909799998,8.7,1,1.39,0.71,-4.389033945261071,-5.701471759506947,1
776,IC0976,0.000608687995507,0.024569770970400005,-0.0801615207851,-1.4,0,3.31,0.38,-3.706238414006536,-7.404204744185071,1
777,NGC5496,0.00823155798652,0.0390666141625,2.39785630618,6.5,1,1.46,0.17,-3.2424870344715484,-4.7997799764352385,1
779,NGC5506,0.0012706106966400002,0.341475738572,3.11960422325,1.2,1,8.65,0.24,-1.0744786462080471,-6.668257630593375,1
780,NGC5507,0.000400405994333,0.0721862066961,-0.0970018401748,-2.3,0,4.09,0.61,-2.6285062943246977,-7.823031539773632,1
781,NGC5529,0.00232169823689,0.155382044285,9.158848367580001,5.1,1,1.22,0.11,-1.8618683928660142,-6.0654563624247855,1
782,NGC5560,0.0022666873865700003,0.06782447313989999,2.9731028040400003,3.1,1,1.02,0.29,-2.690832188400965,-6.089435814376142,1
783,NGC5566,0.00341234634096,0.377182649342,7.61972780123,1.6,1,4.3,0.68,-0.9750257278438974,-5.680355147774972,1
784,NGC5569,0.00227663956675,0.0192081857886,1.00079103222,6.0,1,2.34,0.59,-3.952418747650571,-6.085054797469287,1
786,NGC5574,0.0004822960997080001,0.053264731469800014,0.0104661696189,-2.7,0,1.8,0.46,-2.932480865332228,-7.636952317780848,1
787,NGC5576,0.00390079493885,0.361259938434,-0.00986003267215,-4.9,0,7.68,0.7,-1.018157528697936,-5.546574916142786,1
788,NGC5577,0.0030828175946100004,0.048251689935800014,3.02908698255,3.8,1,1.15,0.26,-3.0313244272343223,-5.781911296729506,1
789,NGC5584,0.013702639790100002,0.0757944507053,6.08980224208,5.9,1,1.43,0.74,-2.5797301987063834,-4.290166779300748,1
790,UGC09242,0.0027515770566400003,0.010672911156,0.502850042384,6.7,1,0.87,0.08,-4.540046415267472,-5.895581056535868,1
791,UGC09299,0.00366296369681,0.00907315634982,0.671359430751,6.5,1,1.3,0.5,-4.702435076515038,-5.609482706015353,1
792,NGC5636,0.000718025984763,0.0287258928597,0.679926418553,-0.3,0,0.87,0.64,-3.5499563727121077,-7.239004799093194,1
793,NGC5638,0.0008473071051210001,0.164008244364,-0.129746342332,-4.8,0,3.78,0.88,-1.8078385819092635,-7.073447349192513,1
794,UGC09310,0.00152717874289,0.0188357939639,0.493794623057,8.1,1,1.06,0.29,-3.9719962850817625,-6.48433320465825,1
795,NGC5667,0.00561285399084,0.0239988531633,1.99115566943,6.2,1,1.2,0.43,-3.7297492346384242,-5.182695956038123,1
796,NGC5645,0.00817144211316,0.0504511177946,3.43446735264,6.6,1,1.56,0.65,-2.986750375944323,-4.8071098724481764,1
797,NGC5658,0.0008541233118779999,0.0129969309296,0.8069725023000001,-0.9,0,1.15,0.2,-4.343042031730884,-7.0654349812996475,1
798,NGC5669,0.0148256130327,0.0593202522334,4.86595805764,6.0,1,2.04,0.7,-2.824804509641203,-4.211398983675042,1
799,NGC5668,0.0192189761983,0.076427559915,6.54649119231,6.9,1,1.76,0.87,-2.571411915986033,-3.9518571443769654,1
800,NGC5689,0.00068597321411,0.147713968259,0.984883165265,0.4,0,3.83,0.36,-1.9124775220884067,-7.284671977487603,1
804,NGC5690,0.0041157602214800006,0.125417204409,11.863692315,5.2,1,1.08,0.23,-2.0761094639498414,-5.492931717935613,1
805,NGC5691,0.00636870945846,0.053088969277800005,3.0149566782700004,1.2,1,1.12,0.64,-2.935786107195479,-5.056358426711635,1
806,NGC5701,0.00476321294464,0.223978768975,3.2401010776700003,-0.3,0,3.49,0.68,-1.4962040129807415,-5.346832850071252,1
807,NGC5705,0.0055092703252100006,0.0266517364126,1.94759368103,6.6,1,1.33,0.57,-3.6249009742977343,-5.201323091953198,1
808,NGC5713,0.0100807121983,0.196207482463,16.8650460217,4.0,1,1.72,0.78,-1.6285825956616562,-4.597131364241578,1
809,NGC5719,0.00108486799563,0.192686315926,10.104703918,2.3,1,4.56,0.36,-1.6466917184029783,-6.826296962405084,1
810,UGC09470,0.00161657366498,0.00655744409316,0.321631559936,8.0,1,0.65,0.51,-5.027154371892833,-6.42744639117208,1
811,NGC5728,0.00453099328129,0.217979041957,7.82051649246,1.2,1,5.71,0.46,-1.5233563586265104,-5.39681409612984,1
812,UGC09482,0.0007336960104289997,0.0028892963567,0.160872844157,6.6,1,0.91,0.17,-5.846742281693004,-7.217415769864398,1
813,NGC5740,0.00567981791586,0.10056321037,5.025516826980001,3.0,1,2.34,0.52,-2.296968790289289,-5.170836103829817,1
815,NGC5750,0.002394977461,0.138630105525,2.56052256426,0.4,0,1.75,0.67,-1.9759460042332675,-6.034381459019491,1
816,NGC5777,0.0013276880464700002,0.0790206587049,3.44735153957,3.2,1,5.69,0.19,-2.5380459581072885,-6.624316160288907,1
817,NGC5866,0.004893241329550001,0.684162641867,7.980742536089998,-1.3,0,2.85,0.36,-0.37955960911758085,-5.319900346503713,1
819,NGC5899,0.00295513264067,0.14492992003,9.29835569567,5.2,1,1.87,0.39,-1.931504963531484,-5.8242117422719,1
820,NGC5907,0.0128447038945,0.780098502174,55.6491630358,5.2,1,1.15,0.09,-0.24833508243329702,-4.354823700885295,1
823,NGC6143,0.00204099350611,0.021556352625700003,1.88296698106,4.0,1,0.83,0.8,-3.8370847204577507,-6.194318576879236,1
826,UGC10854,0.000816810398829,0.00293144417492,0.14245387824,6.0,1,1.0,0.42,-5.832260084920588,-7.110103560013419,1
828,NGC6703,0.00226064900128,0.260333204239,-0.0659595799708,-2.8,0,6.62,0.99,-1.3457929136916056,-6.092103338215019,1
829,NGC6798,0.000764487105757,0.0683980035004,0.324495134262,-1.9,0,3.66,0.5,-2.682411643370271,-7.17630539898069,1
830,NGC6814,0.019399116790900003,0.468237212771,14.477191167400001,4.0,1,3.41,0.95,-0.7587802465818121,-3.942527740191473,1
831,NGC6822,0.398985977621,1.9852156298900003,61.1282257249,9.8,1,0.73,0.79,0.6857275379068851,-0.9188290065168492,1
832,NGC6946,0.357295411821,2.92586193877,266.38597617799996,5.9,1,2.23,0.82,1.073589117195587,-1.029192355286272,1
833,PGC065367,0.00145066016198,0.006484960677689999,0.133160350582,9.9,1,2.4,0.66,-5.038269524811142,-6.535736542035886,1
834,NGC7090,0.0139308084719,0.21998984289,14.532183740299999,5.0,1,1.19,0.16,-1.5141739023774001,-4.273652454690797,1
837,ESO289-020,0.000562757624041,0.0018375046948,0.152989830336,4.6,1,1.63,0.23,-6.299346771887349,-7.4826615304397945,1
840,NGC7314,0.0146907901915,0.212985219171,12.162296227,4.0,1,0.85,0.37,-1.546532509243937,-4.220534499126636,1
841,NGC7320,0.00392626674841,0.0221048548293,1.1342906751,6.5,1,0.69,0.54,-3.8119580190496305,-5.540066241368208,1
842,NGC7331,0.0289291620675,1.59335848012,91.16551719379999,3.9,1,2.27,0.37,0.4658440402128046,-3.5429051245511354,1
843,UGC12160,0.0173184301831,0.06845551755,1.80934855353,5.8,1,1.13,0.63,-2.681571123483832,-4.0559840160352225,1
844,ESO603-031,0.00113616447545,0.0077693022193599985,0.349201198619,1.0,1,1.45,0.5,-4.8575749230934155,-6.780097184436362,1
845,ESO406-031,0.000300020994379,0.0137317833166,0.377640212532,2.2,1,0.95,0.2,-4.288042182960649,-8.111658104493314,1
846,IC5270,0.00475997065208,0.0678700084686,5.6342649946300005,5.7,1,1.22,0.27,-2.6901610434896988,-5.347513776287228,1
850,ESO407-002,0.0008221292857010001,0.0239922832975,0.8879322198399999,-0.5,0,1.14,0.58,-3.7300230296066434,-7.1036128934008955,1
851,NGC7552,0.0154273075486,0.417197661268,36.8876005243,2.4,1,5.54,0.45,-0.8741951616526319,-4.171616122415002,1
852,NGC7582,0.006781733460819999,0.551414621542,32.1344124592,2.1,1,20.0,0.3,-0.5952682636203281,-4.993522537021209,0
853,NGC7625,0.00288593671214,0.10787927837,8.245722270189999,1.0,1,1.61,0.77,-2.226742469924675,-5.847905748136327,1
854,NGC7667,0.0030036935488400003,0.0041951672483,0.190755929251,8.7,1,1.22,0.6,-5.473822071371401,-5.807912564651578,1
855,ESO407-018,0.00344205378134,0.0272474007268,0.0538155085346,9.8,1,0.82,0.79,-3.6027971485949113,-5.671686956288712,1
856,ESO240-004,0.0007270975905510001,0.00224176789818,0.155344048971,6.7,1,0.75,0.23,-6.100490484142577,-7.226449852093151,1
857,NGC7690,0.00457187719034,0.0611759696166,2.30636541413,2.9,1,3.0,0.46,-2.7940008198958877,-5.3878313946658105,1
858,NGC7694,0.00254635024134,0.0212591992378,1.45204428141,10.0,1,1.64,0.57,-3.8509655719799443,-5.973094222974308,1
859,NGC7689,0.0161235386016,0.08914241450480001,7.4396083217,5.9,1,1.0,0.67,-2.417520025171376,-4.127475049765529,1
860,IC5334,0.000960369374366,0.0358297140444,0.697912504351,3.5,1,5.42,0.32,-3.3289777285958104,-6.948192582540866,1
861,UGC12690,0.000874382706679,0.00413879503938,0.160000784185,9.1,1,1.37,0.7,-5.487350586798998,-7.041992398654565,1
862,NGC7710,0.000205999303417,0.0193269884943,0.195690647307,-1.6,0,3.43,0.29,-3.946252792296415,-8.487637770651284,1
865,NGC7716,0.00348877354992,0.064496864666,2.02024245861,3.0,1,5.28,0.77,-2.7411386661913637,-5.658205022890735,1
866,UGC12709,0.00174023107318,0.00977331386566,0.5364459539,8.5,1,1.24,0.67,-4.628099682551242,-6.353737373894768,1
867,NGC7721,0.00877947913916,0.122376948132,10.263336724,4.9,1,1.28,0.37,-2.1006492588955594,-4.7353381966529104,1
868,PGC072006,0.001303808899,0.00514812352162,0.224795963327,9.0,1,0.7,0.35,-5.2691229954374315,-6.64246537606378,1
869,ESO471-006,0.00496848693503,0.0105672567841,0.167611256012,8.6,1,0.85,0.25,-4.549995041250692,-5.304639924856543,1
870,ESO149-001,0.0101792661303,0.0583138934098,0.916853216725,8.0,1,1.07,0.26,-2.8419149051007975,-4.587402359819817,1
871,NGC7755,0.0091471779236,0.11719895424,7.315757746839999,5.0,1,5.81,0.8,-2.143882324745928,-4.694309870917336,1
872,NGC7757,0.00682830015454,0.0307992524388,2.68816801697,5.3,1,1.55,0.82,-3.4802648607646978,-4.986679515651746,1
873,NGC7764,0.0105934019311,0.0393345883364,2.81578959211,9.4,1,0.91,0.68,-3.235651036835968,-4.547523931002543,1
874,NGC7793,0.142183912524,0.7415630012469999,55.4766615622,7.4,1,1.13,0.66,-0.29899515641869673,-1.950633900755604,1
