name,GALEX_NUV,WISE_3.4,SPIRE_250,t,type,n,q
ESO149-013,-6.09061992741E-7,0.00175041427454,0.0496298134121,9.9,1,1.12,0.49
NGC0007,0.00313162214866,0.0103467245337,0.419146475374,4.8,1,0.94,0.28
ESO410-005,5.051966396440001E-4,0.0033235104521999997,0.0498914754084,0.4,0,0.8,0.79
IC0010,82.6366512013,3.93563423666,110.582864955,9.9,1,0.96,0.69
NGC0115,0.0039161779053,0.0153912600679,0.912792408021,3.9,1,1.34,0.37
ESO410-012,4.40077501773E-4,0.0011383335625,,4.7,1,1.07,0.29
NGC0131,0.00209890493207,0.0250461757398,1.709497321,3.0,1,1.05,0.36
UGC00300,6.04887857063E-4,0.00194232001643,0.058287047644699996,10.0,1,0.97,0.69
UGC00313,0.0011233715899200002,0.0109168362494,0.674811305397,4.3,1,0.81,0.55
UGC00320,6.853014006580001E-4,0.0038655406324699998,-0.0073077016801,6.0,1,0.78,0.15
NGC0147,0.0480161854132,0.9110034989679999,6.95667389284,-4.8,0,1.21,0.52
ESO410-018,0.0030050432761700003,0.008180419590300001,0.441162648606,8.9,1,1.23,0.81
NGC0148,3.21171220505E-4,0.08114204481639999,0.0685750308592,-2.0,0,3.84,0.38
NGC0150,0.010214851882,0.16451878199,9.69517648459,3.4,1,1.83,0.75
ESO411-013,7.243055307339999E-4,0.0247762874359,0.116070202541,9.0,1,0.67,0.23
NGC0254,9.83133250693E-4,0.117070028217,0.503987257584,-1.2,0,5.91,0.52
NGC0253,0.191650316292,12.1257860318,1033.26983965,5.1,1,1.27,0.28
ESO411-016,8.152909913849999E-4,0.0035304033434400005,0.154725603842,1.8,1,1.06,0.58
NGC0274,0.00811556055398,0.104938253078,,-2.8,0,4.66,0.94
NGC0275,0.00836233070595,0.10241498556800001,,6.0,1,0.8,0.64
NGC0289,0.0202045291632,0.260738688365,13.938405908499998,4.0,1,1.58,0.7
ESO411-026,4.7055112426799996E-4,0.00181783420734,0.0898618740904,9.0,1,1.24,0.5
ESO411-027,3.8433586269400003E-4,0.00108150754658,0.0800211933609,5.7,1,0.86,0.3
NGC0300,0.29852479133000004,1.6883980404799999,95.6482995598,6.9,1,1.13,0.67
NGC0337,0.019670836991599997,0.0956213908852,9.18501163419,6.7,1,0.71,0.64
ESO351-030,3.25421930849E-6,1.4226783530200003E-4,,-4.8,0,0.54,0.56
IC1613,0.10056622909700001,0.35194267253899997,5.5517286448,9.9,1,0.78,0.94
NGC0428,0.020637805994599998,0.0757637994471,4.126355150309999,8.6,1,1.32,0.64
UGC00772,7.151758901930001E-4,1.3829995445200003E-4,-0.12157030469499999,9.8,1,0.49,0.67
NGC0448,3.6466302322300006E-4,0.0619384508711,0.225335404391,-2.4,0,2.53,0.36
NGC0450,0.0119439743719,0.050948664149400004,4.0393222827,5.8,1,2.04,0.84
NGC0493,0.0064397968602,0.045106382358400005,4.00764962801,5.9,1,1.19,0.24
UGC00931,4.72184593629E-4,0.0027286205063200004,0.182413464335,5.4,1,1.42,0.18
PGC093080,0.00334053791662,0.17768041164700002,,5.6,1,3.52,0.49
NGC0520,0.00340847337589,0.18454673856400003,,1.3,1,3.73,0.42
NGC0584,0.0020735647021199997,0.40361305310400003,0.783376931425,-4.7,0,4.4,0.63
NGC0586,5.09059212112E-4,0.0348654185927,0.9335945892219999,0.7,1,1.78,0.39
NGC0613,0.037470130551400006,0.613994749612,39.5847592087,4.0,1,2.92,0.41
NGC0625,0.016744727291000003,0.134648188563,4.43624874107,9.0,1,1.52,0.4
NGC0628,0.0981856288543,0.836837601566,64.2806898787,5.2,1,2.57,0.93
NGC0678,8.625535329500001E-4,0.135551984253,2.16455866535,3.0,1,3.66,0.39
NGC0720,0.00310433038765,0.486753732062,-0.516158993582,-4.9,0,4.76,0.53
PGC007045,3.16370929728E-4,0.0296562436732,0.936483454922,0.0,0,0.59,0.23
NGC0855,0.0029631262502800002,0.044228711428300004,1.09584075454,-4.8,0,3.46,0.44
PGC008962,8.07483172896E-4,0.00194180334071,0.0644338659612,6.9,1,0.68,0.27
NGC0895,0.0110779572731,0.0772175355166,6.25373362422,6.0,1,2.19,0.62
NGC0891,0.0152133033896,1.9026205299599999,167.27706330200002,3.1,1,0.94,0.09
NGC0925,0.0619807135542,0.30830714401,23.6719576697,7.0,1,1.84,0.41
PGC009485,0.0042967531244300005,0.034145251715000005,,0.3,0,3.45,0.75
NGC1052,0.0028062113721900005,0.428453792734,2.1113992653,-4.7,0,4.77,0.68
NGC1068,0.0633218109075,2.37701838357,122.98684566200001,3.0,1,2.14,0.84
NGC1056,,0.0996831950976,4.98983143418,1.0,1,3.92,0.51
NGC1097,0.049608344449500005,1.21946234314,67.09172743270001,3.3,1,5.14,0.59
NGC1140,0.011984739968,0.0321331968813,2.25563835078,9.2,1,3.15,0.43
PGC166069,0.126609538944,0.024146031109599998,,10.0,1,0.61,0.43
UGC02392,0.00108175295117,0.015206269644500002,0.346405232629,5.9,1,2.32,0.35
NGC1189,0.0016530995018699999,0.015531686078999999,0.934685577779,7.9,1,1.97,0.86
NGC1199,0.00214929359552,0.227768819159,-0.11452200489299999,-4.8,0,4.81,1.0
NGC1222,0.0046879239094,0.059618468821099994,4.05640430628,-2.6,0,4.17,0.72
PGC166071,-0.0658748850073,0.042847609001,0.210275281226,10.0,1,0.58,0.45
ESO116-012,0.00796524810149,0.107526298259,,6.8,1,,
NGC1266,4.16182640075E-4,0.055056750649300004,3.8513341456699997,-2.3,0,2.98,0.78
PGC012608,0.00140212129758,0.00445966825901,0.0931519876375,9.0,1,1.35,0.84
NGC1316,0.035823773227400005,3.36351848027,10.4799373541,-1.8,0,5.86,0.69
NGC1317,0.0036280016592600004,0.249285884661,5.00477755017,0.8,1,7.42,0.94
NGC1320,9.56452936759E-4,0.0770510631235,1.51296186679,0.9,1,5.22,0.28
NGC1336,6.76524958359E-4,0.050241761279699995,0.165545001945,-3.0,0,5.85,0.77
ESO358-006,2.1455364079599995E-4,-2.02700319789E-4,-0.0235262556979,-3.8,0,0.8,0.43
NGC1351A,6.110203234639999E-4,0.0268834467727,1.7387499785099998,4.2,1,0.82,0.13
NGC1351,0.0012611511258599998,0.1457738687,,-3.1,0,7.28,0.57
PGC013058,8.39948301756E-4,0.00879952374645,0.17692433072099997,-4.5,0,2.36,0.65
PGC013084,1.57348412035E-4,0.010237713133299998,-0.00912818023943,-2.0,0,2.0,0.73
PGC013097,9.81571822168E-5,0.00462147092434,0.056494925480699995,-2.2,0,1.53,0.77
PGC013146,1.8709891179299998E-4,0.0068959281877000005,0.019690131559599998,-2.8,0,2.64,0.43
ESO358-015,6.07726094992E-4,0.0033607759746900005,0.038179317381699995,8.7,1,1.16,0.61
ESO358-016,2.18769991417E-4,0.0020690185534800003,0.164221887698,7.1,1,1.1,0.16
NGC1365,0.058668388832400005,1.15619047294,101.239959284,3.2,1,19.64,0.74
PGC013230,1.80157799342E-4,0.009436477313219999,0.143953879777,-2.4,0,2.18,0.73
ESO358-019,1.0950554776899999E-4,0.0034952530489,0.042743766872199995,-3.0,0,1.69,0.42
NGC1373,2.5622141676700003E-4,0.0210125216356,-0.0108002040746,-3.6,0,4.27,0.78
NGC1374,0.00100860897548,0.179005409766,0.070361004923,-4.5,0,4.5,0.88
NGC1375,6.47436768867E-4,0.0551882057743,0.155842644587,-2.2,0,2.08,0.41
IC0335,4.6798682828900004E-4,0.07357576918549999,0.0544324006401,-2.1,0,1.48,0.17
NGC1379,0.0011064684167999999,0.197665621952,0.127741769108,-4.8,0,2.93,0.98
NGC1381,7.25239810593E-4,0.146083551157,-0.026443823923499997,-2.1,0,3.45,0.25
NGC1377,,0.048242559705,1.31902026046,-2.1,0,3.54,0.53
NGC1369,2.06290266935E-4,0.035362234517099994,-0.020498685171,0.1,0,1.7,0.75
NGC1386,0.00198040844778,0.213022785264,3.8726626021599997,-0.7,0,5.31,0.43
NGC1380A,5.11595387899E-4,0.0511008340379,0.11441055775900001,-1.9,0,1.33,0.24
PGC013343,1.6985411532799996E-4,0.011508227380899998,0.0792467046719,-2.8,0,2.88,0.88
NGC1387,0.00237995913558,0.38390900738399997,2.58868279438,-2.8,0,8.69,0.85
NGC1389,0.0011111931529300002,0.150021557147,0.200691364714,-2.8,0,3.56,0.62
ESO358-042,6.55816698238E-5,0.00352258589308,-0.15773735408700001,-2.2,0,1.76,0.48
ESO358-043,1.74108837047E-4,0.009960355929410001,0.184657047544,-3.0,0,1.62,0.39
NGC1399,0.0126716198538,1.61497661753,1.04698202622,-4.6,0,8.2,0.92
NGC1404,0.00292046792816,0.595690879402,0.14099698173900002,-4.8,0,4.27,0.85
NGC1427A,0.004038466631809999,0.0156613812556,0.6778284345190001,9.9,1,1.35,0.62
NGC1412,4.7684124589199994E-4,0.049552875596199995,0.0205430752248,-2.2,0,3.48,0.32
NGC1419,3.7939768275300004E-4,0.0412348268069,0.0267239038443,-4.9,0,4.52,0.92
ESO358-050,8.365011246260001E-4,0.0476545146523,0.147162490076,-2.1,0,1.86,0.39
ESO358-051,0.00165519967535,0.015270773590799999,0.7341403706730001,0.3,0,1.64,0.51
NGC1427,0.00196139826919,0.22365153418699998,,-4.0,0,5.35,0.7
NGC1428,4.1525287546E-4,0.0461234194819,0.0752745927693,-3.0,0,2.12,0.54
PGC013635,3.4731867506800003E-4,0.0120578306663,0.208475333477,-5.0,0,1.26,0.75
ESO358-054,0.0023677039900599998,0.00848505798292,0.519852296752,7.9,1,1.31,0.68
PGC166861,8.42706816293E-5,0.00378498538611,0.15900511418299998,-5.0,0,0.43,0.58
ESO358-056,1.4731480666799998E-4,0.0048393390682,-0.0773519717386,-2.2,0,0.96,0.25
NGC1436,0.0028817299383499997,0.1102183775,3.96985590518,2.0,1,0.81,0.64
UGC02826,0.0044467271253000006,0.10140451565400001,2.94987415649,5.0,1,1.79,0.61
ESO358-059,2.2812812516799996E-4,0.024772782695599998,-0.041519984585199995,-3.3,0,3.98,0.58
ESO358-060,7.77324859885E-4,7.400768831810001E-4,0.0125438274531,9.8,1,0.83,0.28
PGC166077,0.00606383912915,0.00736651514646,0.611380050965,10.0,1,0.47,0.34
NGC1437B,0.0011972242754800001,0.023187820205200004,1.50148400525,8.3,1,1.31,0.32
NGC1460,0.00484792195095,0.0414591843981,0.0698816159705,-1.9,0,2.05,0.59
ESO358-063,0.0031335834475400004,0.117722278572,7.46302477175,6.9,1,1.47,0.18
IC0342,0.7931725450910001,8.61621611714,581.690508644,6.0,1,2.58,0.88
ESO358-066,9.88824552655E-5,0.00422271563288,0.0128903603637,-3.8,0,1.13,0.43
ESO359-002,8.39191472226E-4,0.0173577571443,-0.172378792544,-3.4,0,1.57,0.61
NGC1481,0.00142422160031,0.022923176051400002,0.474955628756,-3.0,0,5.21,0.65
NGC1482,0.00143237895161,0.19501547748300002,15.8203869824,-0.8,0,4.34,0.47
ESO549-035,9.041362232060002E-4,0.002678286747,0.205632846585,6.0,1,1.72,0.69
NGC1510,0.005104840432060001,0.028287454823599997,0.46900638698299996,-1.8,0,4.09,0.95
NGC1512,0.0193059255336,0.44174470196599996,12.6948147955,1.1,1,5.76,0.65
NGC1566,0.0627125237376,0.734519503891,38.9833935265,4.0,1,3.3,0.77
UGC03016,,0.0324681994743,1.39916674178,5.9,1,0.93,0.17
NGC1569,0.919626680984,0.35340197966,11.3539033413,9.6,1,1.79,0.38
IC2085,4.8684646383499996E-4,0.0275193550174,1.03815335284,-1.2,0,2.39,0.22
NGC1617,0.0026619096896899996,0.48405292579400006,4.78432026466,1.1,1,2.61,0.49
ESO157-047,6.82843064391E-4,0.00309386172236,0.151231887406,0.0,0,2.59,0.32
ESO157-049,5.601526546779999E-4,0.0329412888921,,5.3,1,0.51,0.17
NGC1705,0.014098773825900001,0.0329849979598,0.976321201471,-2.7,0,4.82,0.8
NGC1800,0.0060564305778400005,0.0318236716426,1.12391561185,8.0,1,1.28,0.47
NGC1808,0.013562307691799998,0.935869246151,61.4099230921,1.2,1,13.34,0.42
NGC1924,,0.0702446163425,4.32270768309,4.0,1,0.86,0.85
NGC2110,-0.00127284432326,0.32726178396899996,2.2532498855500003,-3.0,0,18.66,0.71
NGC2207,0.0321869300383,0.366461438011,26.433215934699998,4.6,1,6.46,0.69
IC2163,0.0319618894386,0.345378466225,25.4294276138,5.2,1,0.84,0.58
NGC2146,0.0105817641292,0.852663961912,64.40127851529999,2.3,1,3.43,0.41
NGC2273,0.00253204701703,0.165601360484,4.3092558032,0.9,1,6.84,0.74
PGC2807061,,0.00511383753304,-0.115974530039,10.0,1,14.7,0.2
ESO491-020,0.00972436802218,0.1218229337,,3.0,1,14.98,0.66
ESO491-021,0.00780964159091,0.124481100749,,2.1,1,1.12,0.29
UGC03701,0.0016680676661300002,0.009095621351139999,0.493337943625,6.0,1,1.48,0.88
ESO428-014,7.27933384356E-4,0.222720270215,,-1.8,0,8.1,0.63
NGC2403,0.280781118019,1.6407483629700002,120.70999797200001,6.0,1,1.43,0.59
ESO560-004,,0.10218178592800001,4.0779837602099995,4.2,1,1.53,0.22
UGC03960,3.1007204853200003E-4,0.021766486091,0.0221494061002,-4.8,0,7.32,0.76
ESO493-016,0.422965625478,0.141310116446,15.330795816199998,4.0,1,1.66,0.63
NGC2480,,0.08398437301589999,0.7147706099719999,9.3,1,3.92,0.38
NGC2481,,0.08173317295060001,0.592365255704,-0.3,0,2.96,0.28
ESO209-009,,0.408012348864,25.7407209591,6.1,1,1.38,0.14
IC2233,0.00785036860036,0.0331646357718,0.9186827447799999,6.5,1,1.24,0.11
NGC2549,0.0011055809609100001,0.218720797351,0.28167857708599997,-2.0,0,4.22,0.35
UGC04305,0.047718831987,0.0861212443802,2.28009401517,9.9,1,0.76,0.72
NGC2577,4.20354703992E-4,0.08685518172779999,0.0290311596869,-2.9,0,3.94,0.51
NGC2592,3.91912130891E-4,0.072276285592,-0.254096940635,-4.8,0,4.3,0.86
ESO495-021,,0.136655479431,7.142757463989999,-2.6,0,4.97,0.78
UGC04483,0.00194451453897,0.00150254640091,0.158139900641,9.8,1,0.45,0.41
UGC04551,3.04070359315E-4,0.0669698621687,0.0012343042795699998,-1.9,0,4.16,0.61
UGC04549,0.0019567530384800003,0.0247670862671,1.9307934645099998,7.6,1,0.75,0.81
NGC2679,4.34669028237E-4,0.054417085220599994,-0.0326844360787,-1.9,0,3.63,0.85
NGC2685,0.00338959416732,0.159370998855,3.38599149287,-1.0,0,3.6,0.38
NGC2655,0.00443910291775,0.617990182502,6.167383339550001,0.1,0,7.26,0.75
UGC04684,0.00257883752601,0.0220119429771,0.633037123196,7.3,1,,
NGC2764,0.00112105307403,0.0520706947169,3.6538719342699997,-1.7,0,1.34,0.37
NGC2768,0.0037178673960900003,0.629722135419,0.019766087055799998,-4.4,0,3.89,0.47
NGC2778,3.43834607246E-4,0.0532069008655,-0.0320626435793,-4.7,0,3.7,0.76
NGC2798,0.00186135744797,0.0975340416118,7.161021060739999,1.1,1,4.6,0.6
NGC2799,0.0015269108193299997,0.013669792730799999,0.780763619323,8.5,1,2.43,0.25
NGC2787,0.00205500716772,0.42475350137400003,-0.190267637746,-1.0,0,3.59,0.68
IC2461,,0.04286345228900001,2.43549335626,3.3,1,1.97,0.13
NGC2841,0.0201739576353,1.37755738786,33.2691398969,2.9,1,3.08,0.48
NGC2853,0.00139541991808,0.0131216504375,0.8150332460070001,-0.7,0,1.98,0.46
NGC2859,0.00141620532025,0.269543780471,1.28358564149,-1.2,0,6.9,0.82
NGC2915,0.0179792501114,0.056335401026,0.9364727585349999,1.6,1,1.48,0.58
NGC2907,0.00113176201341,0.208504666303,1.39161236659,1.0,1,5.75,0.54
PGC027066,2.76304652079E-4,0.00368015409287,0.254558403875,6.9,1,0.98,0.17
ESO373-008,,0.12948045153100002,9.76695359327,6.1,1,1.43,0.15
UGC05139,0.0054132777417,0.011528120481499999,-0.11226271504100001,9.9,1,0.58,1.0
NGC2974,0.0025896874259,0.828213848329,2.28002030528,-4.3,0,4.57,0.59
NGC2950,0.00157900210706,0.245196809588,0.293716494733,-1.9,0,5.71,0.66
PGC090942,2.1106761505300002E-4,0.0015877929507300001,-0.0107555269673,5.9,1,3.52,0.07
NGC2992,0.00433127209634,0.158114660307,5.52414354342,0.9,1,5.02,0.4
NGC2993,0.010730737353499999,0.046708266923500004,4.181487611830001,1.2,1,2.98,0.89
NGC2976,0.031140002908,0.36485296073299994,23.0852046252,5.2,1,0.55,0.41
ESO434-040,,0.139399741104,0.115411333938,-1.3,0,20.0,0.87
NGC3049,0.0047750926553199995,0.042048836780500004,3.01422804573,2.6,1,4.42,0.31
NGC3031,0.23778787585,11.070636197899999,178.80367703,2.4,1,3.15,0.61
NGC3034,0.08332977017580001,6.27739805543,451.46419027,7.2,1,2.06,0.29
UGC05340,0.0032150632135,0.00371842547901,0.0910106290732,9.7,1,0.88,0.54
PGC028759,2.85376764247E-4,2.03847258022E-5,-0.20854937533100001,10.0,1,,
UGC05336,0.00459940024809,-0.00437786581484,0.7213828404870001,9.9,1,2.4,0.45
UGC05364,0.007071686916850001,0.8929064552600001,-0.25029663277499997,9.9,1,2.24,0.85
NGC3081,0.0029945570663699995,0.10962172764900001,2.77408071286,0.0,0,8.67,0.67
IC2531,0.00325972581693,0.158263326613,7.2562949561000005,5.0,1,1.78,0.1
UGC05373,0.0156270607183,0.06145876831230001,0.777417886935,9.9,1,1.01,0.68
NGC3073,8.08803726168E-4,0.0206926813353,0.266058941878,-2.7,0,4.73,0.82
NGC3079,0.016698935384,0.790536274888,51.894108508,6.4,1,3.16,0.19
NGC3077,,0.600145854881,16.7422072065,6.1,1,2.98,0.78
UGC05423,0.00101847119581,0.0062742252787799995,0.268219128693,9.9,1,0.81,0.64
UGC05454,,0.0011527476799400001,,8.1,1,1.21,0.8
PGC029653,0.0298099540973,0.018559662817900002,0.701935730741,9.9,1,0.43,0.77
NGC3147,0.0231469169445,0.461934853761,24.2182764725,3.9,1,3.0,0.88
NGC3185,0.0021278983405499997,0.0851772600687,2.9721441444599996,1.2,1,2.45,0.54
NGC3155,0.00161000966248,0.0197095208561,1.39036918366,3.5,1,1.26,0.57
NGC3187,0.0040440879044399995,0.023607504670700004,2.54935773836,5.0,1,0.58,0.3
NGC3190,0.00180455439911,0.36041447039,8.01689839525,0.9,1,3.29,0.32
NGC3184,0.0464843737861,0.49414073044600004,32.5051441496,5.9,1,1.27,0.93
NGC3193,0.00140583842494,0.554868954362,-0.210551513118,-4.8,0,5.91,0.83
NGC3182,0.0013379303496600002,0.06432223852300001,0.603745737794,0.3,0,4.06,0.83
NGC3198,0.029297079261,0.278076940872,18.5666507965,5.2,1,1.49,0.37
UGC05570,1.61929843648E-4,0.00393025627868,0.116303414771,4.1,1,1.1,0.19
HS98117,5.58338735544E-5,0.00894677498509,-0.12975665162699998,10.0,1,19.98,0.58
NGC3226,0.00833375357261,0.526031466599,12.3962964343,-4.8,0,4.92,0.78
NGC3227,0.00830343305106,0.520807038264,13.563839144000001,1.5,1,15.38,0.52
UGC05612,0.011930502139000002,0.060206193705199994,1.68747928367,8.0,1,1.46,0.81
IC0610,,0.0491257796251,2.7997702542500003,3.7,1,0.92,0.1
NGC3245A,8.615936282519999E-4,0.0122995520075,0.624878225243,3.3,1,1.49,0.14
NGC3256,0.014955035763,0.29284678074799997,36.1456555494,4.0,1,2.64,0.76
IC2574,0.0520839197344,0.134458592796,3.2091402405799996,8.9,1,0.95,0.41
NGC3254,0.00672360047722,0.0982394682572,3.93584065855,4.0,1,4.25,0.32
UGC05692,0.0022467641838,0.02874874403,0.408653489807,8.8,1,1.29,0.58
UGC05686,6.132393500680001E-4,0.0019568769392600003,0.182052661226,9.7,1,1.0,0.8
UGC05689,5.993712414330001E-4,0.0112009366895,1.2299422982700001,6.4,1,0.89,0.17
NGC3283,,0.266221999043,2.9094821534099995,-1.9,0,4.81,0.66
UGC05720,0.005421037576989999,0.0262810264934,1.56479220486,9.8,1,5.07,0.69
NGC3277,0.00297829512354,0.115231413627,1.42888391823,1.8,1,5.2,0.82
NGC3252,0.00203151414417,0.0353606844603,2.1255608524,7.4,1,1.28,0.22
NGC3287,0.00450298987696,0.047437774333600004,3.68584688013,7.6,1,0.84,0.35
NGC3294,0.009652642431410001,0.17946191081,12.5054596927,5.1,1,0.78,0.46
NGC3301,0.00103262915744,0.13807540314300001,0.31373737725,-0.4,0,4.37,0.38
NGC3338,0.0198104844508,0.195363092608,13.2830022648,5.0,1,1.73,0.55
NGC3346,0.0080307853599,0.0843421443845,5.78172872826,5.9,1,0.71,0.89
NGC3351,0.029198664963099998,0.776785980386,31.329566424499998,3.1,1,5.8,0.86
UGC05846,0.0010606482865499998,0.0029032888118699996,0.0354462282066,9.9,1,0.59,0.82
NGC3353,0.00610481819149,0.0274224855858,2.13269758647,4.1,1,2.69,0.64
NGC3370,0.00865434475846,0.0725911278372,6.705298057719999,5.1,1,1.53,0.55
NGC3348,0.00267951506386,0.297916452938,-0.32206074991300004,-4.8,0,4.45,0.87
NGC3380,0.00197065229537,0.0426956573298,1.18478228403,1.0,1,2.0,0.53
NGC3381,0.005911365225130001,0.0361104768966,2.7406616284900003,3.6,1,1.44,0.74
NGC3364,0.00280833479981,0.0313228999928,2.1269305575,5.0,1,1.03,0.8
NGC3395,0.0249839040177,0.0965489715296,7.81399489286,5.8,1,1.31,0.54
NGC3396,0.0249335279773,0.0963215107652,7.79159157661,9.3,1,2.89,0.41
UGC05958,2.4573973537499996E-4,0.010481064848899999,0.6168265170880001,4.0,1,1.24,0.16
NGC3414,0.0016405216601800001,0.247283297942,0.602384677811,-2.0,0,5.6,0.75
NGC3413,0.00435742015743,0.022781965436299997,1.22191662029,-1.1,0,2.01,0.5
NGC3424,0.00245317253786,0.117176634499,9.240288767480001,3.1,1,1.71,0.22
UGC05955,4.09560427491E-4,0.023192461182300003,0.0253917238308,-4.9,0,3.79,0.94
NGC3430,0.010867234404200002,0.106193546094,8.22854638459,5.1,1,1.17,0.5
NGC3437,0.006184398377640001,0.11352962766899999,8.86628143875,5.2,1,1.07,0.34
UGC05990,5.65329502229E-4,0.010208508200299999,0.672634501029,2.1,1,1.58,0.24
NGC3440,0.00282503674111,0.00982787103793,0.78156850398,3.6,1,3.59,0.3
NGC3403,0.00422785549404,0.052595762452400004,3.47106503535,4.0,1,1.27,0.34
UGC06016,0.0014757312197,0.00248653535675,0.0640060980766,9.9,1,1.12,0.42
UGC06023,0.0038283587915500005,0.029651034667599996,2.60467942344,6.5,1,0.92,0.45
NGC3454,0.00121778579945,0.0290471955173,1.94311869194,5.4,1,0.5,0.14
NGC3455,0.00600001551107,0.0275014653763,2.4601001906,3.1,1,0.93,0.58
NGC3445,0.00927919158198,0.026851241277299997,2.4475659438900004,8.8,1,0.98,0.77
NGC3448,0.00895589949201,0.0646320631443,5.1303260345099995,3.8,1,2.88,0.32
NGC3458,3.04989942101E-4,0.060302308397199994,-0.007241488558029999,-2.0,0,3.53,0.69
NGC3485,0.00699549506159,0.0676292990837,3.8884873618,3.2,1,1.25,0.82
NGC3488,0.0028856086696399997,0.038872657753499996,1.75587877252,5.2,1,0.83,0.65
NGC3501,0.00174330988075,0.0755390754266,4.819637834719999,5.8,1,1.07,0.11
NGC3504,0.0122713535892,0.217426777392,12.289601111300001,2.1,1,9.43,0.51
NGC3512,0.00541958124777,0.05299239103569999,2.80093922561,5.1,1,1.46,0.83
NGC3521,0.046070227547699995,2.05291008864,109.54794475700001,4.0,1,2.82,0.58
NGC3516,0.005109921254159999,0.17714636815,1.0986909472700002,-1.9,0,20.0,0.82
NGC3526,0.0027874137452199997,0.08502121326300001,1.5442663124399998,5.3,1,1.03,0.19
NGC3547,0.004488461801399999,0.0282078140417,2.1959555532299997,3.4,1,0.79,0.42
NGC3564,3.1073979310400004E-4,0.0946045177013,-0.108191791715,-2.1,0,2.52,0.28
NGC3592,6.17216110638E-4,0.0196645652102,1.22998995174,5.2,1,1.06,0.18
NGC3596,0.015512311546200001,0.13032200629000001,9.286871791160001,5.2,1,1.65,0.98
NGC3620,0.00883923951474,0.38665727225999996,25.152507820900002,2.0,1,11.53,0.35
PGC034407,1.1965017517100001E-4,0.00540688701477,0.11437063584599999,-1.3,0,1.12,0.35
NGC3608,0.00169997507235,0.287617692108,-0.298174599323,-4.8,0,6.04,0.8
NGC3621,0.113787433499,1.56553925714,67.3769933364,6.9,1,1.05,0.45
UGC06324,7.65664027027E-4,0.0101507786611,0.243407687902,-1.9,0,2.66,0.36
NGC3610,0.0017764352396199999,0.25355926491,0.194015162685,-3.9,0,5.42,0.69
NGC3613,0.00136774745379,0.24884317845800002,0.322471659578,-4.5,0,4.12,0.51
NGC3619,0.0021523127578499997,0.156431814146,2.20179412855,-1.0,0,8.85,0.86
ESO377-039,7.865317457750001E-4,0.00858482633809,0.20777707701499998,3.3,1,0.92,0.48
UGC06341,4.72721820925E-4,0.00303954119297,-0.0205573089219,7.9,1,1.49,0.23
NGC3626,0.0024254836113600004,0.197488156725,2.60379124069,-0.8,0,5.33,0.56
NGC3622,0.00376058736286,0.022113341060700002,1.71158763639,7.3,1,1.36,0.53
NGC3627,0.058797241108400004,1.8188064582700003,92.32809613,3.1,1,3.02,0.52
NGC3628,0.017621070692900004,1.5099922338,106.495790703,3.1,1,1.97,0.2
NGC3629,0.00701110584619,0.0251462920496,1.8887458504799999,5.9,1,1.35,0.79
NGC3631,0.0274730254849,0.252330049507,19.4723666375,5.1,1,7.07,0.95
NGC3640,0.0026907243248,0.426836301232,-0.38421421359700003,-4.7,0,4.29,0.83
NGC3655,0.0055795225753399996,0.121857357197,9.695693629900001,5.0,1,1.48,0.64
NGC3659,0.004756741382279999,0.035636613342,2.88929618291,7.7,1,0.92,0.46
NGC3666,0.00651878206962,0.08652408910560001,5.695453162919999,5.1,1,1.25,0.28
NGC3665,0.0023579636468499996,0.40311916427100003,2.7614911374599997,-2.1,0,5.47,0.76
NGC3674,2.82746566976E-4,0.0573478097006,-0.021880735745799997,-1.9,0,3.77,0.33
NGC3681,0.00528427998696,0.0910308894694,2.9134218133,4.0,1,2.51,0.88
IC0691,0.0016360631451199999,0.027561436962200002,1.284512208,-2.0,0,7.29,0.6
IC2828,0.0015812946122200002,0.00513376033455,0.356860694357,10.0,1,1.45,0.43
NGC3684,0.00929399458864,0.07655081351489999,6.0567982464400005,4.0,1,1.46,0.66
NGC3683,0.00178247900543,0.155745969107,12.589245096800001,4.8,1,0.76,0.26
NGC3686,0.0123285105901,0.149904513576,9.72015925897,4.1,1,1.15,0.82
NGC3691,0.0038805001980500003,0.0238397081214,1.49813679925,3.0,1,0.5,0.65
NGC3692,0.002849468486,0.0742548946293,3.36283596753,3.0,1,1.3,0.21
NGC3718,0.00839456959882,0.356209166683,8.3442452895,1.1,1,9.03,0.81
NGC3729,0.004397403861689999,0.164676376143,5.63696785327,1.2,1,0.92,0.59
UGC06566,1.84071545499E-4,0.00339566272583,0.020759167707,8.8,1,,
UGC06575,0.0026249386016700006,0.0109413407425,0.9482503597349999,5.9,1,0.87,0.24
NGC3755,0.007560131494090001,0.0266307096253,2.10497745355,5.3,1,1.78,0.43
NGC3756,0.00703090538311,0.126654614783,7.282829982060001,4.1,1,0.68,0.49
NGC3757,4.31496785863E-4,0.0478274063791,0.041053414413,-2.1,0,4.42,0.82
NGC3773,0.00495797149829,0.020871512245,0.946716716391,-2.1,0,2.99,0.88
NGC3786,0.00177691440749,0.0623473312594,2.24939855175,1.1,1,5.21,0.51
NGC3788,0.0044210569499,0.13065147285,5.83752967604,2.3,1,1.66,0.24
NGC3795,0.0014148360638399997,0.022523925731900003,1.33383483017,4.0,1,0.93,0.22
NGC3796,3.62186037727E-4,0.0376921289946,0.14921513454399998,-3.0,0,5.01,0.58
NGC3794,0.005552923285920001,0.0289445028712,1.5231109879299998,6.4,1,1.59,0.53
NGC3813,0.00865264229947,0.124606399323,11.382897005899999,3.3,1,0.84,0.4
NGC3838,,0.0613685288926,0.11734460798,-0.3,0,3.18,0.34
NGC3846A,0.0032523460085799997,0.016320081065499998,0.9653061738840001,9.6,1,1.64,0.49
UGC06728,0.0014828592631599999,0.027063288488400002,0.208894628156,-0.1,0,6.08,0.61
NGC3870,0.00418738888039,0.0198982895335,0.9888473124200001,-1.2,0,2.16,0.52
NGC3898,0.0054531822582499995,0.314438239227,3.8617382301,1.7,1,6.99,0.58
NGC3938,0.0364029046894,0.302017514815,22.4640741298,5.2,1,1.81,0.95
NGC3941,0.00240776411142,0.390084315192,0.672812983709,-2.0,0,3.57,0.61
NGC3945,0.00185777186761,0.346138302818,1.9808228388900002,-1.2,0,4.74,0.97
NGC3952,0.004821574801850001,0.0180462146873,0.861468841927,9.3,1,1.08,0.35
NGC3953,,0.590719212657,36.2446829996,4.0,1,2.05,0.53
UGC06879,0.00148191084903,0.020978953780799996,1.0712736842100001,6.9,1,0.97,0.33
NGC3972,0.00297436165589,0.06385614282680001,,4.0,1,0.92,0.27
NGC3982,0.012478129438200002,0.11151989567199999,7.379211761930001,3.2,1,0.9,0.84
UGC06919,2.89429071399E-4,0.0091706562995,0.45380430811399997,7.3,1,1.03,0.26
NGC3990,3.4215082763E-4,0.0513145073608,0.00964416164052,-2.7,0,2.79,0.49
NGC3998,0.00279224783423,0.447782044526,0.781734124887,-2.1,0,6.58,0.82
NGC4013,0.00350147560995,0.35475490909900004,19.2785593204,3.1,1,1.24,0.13
NGC4030,0.0233938257392,0.464136137931,35.1828820761,4.0,1,1.74,0.81
NGC4032,0.0062881724291,0.030994638773300002,1.62316817891,9.6,1,1.38,0.81
UGC06998,8.58903765099E-4,0.00509826630392,0.132591333927,8.8,1,1.38,0.52
IC0755,0.00336561651084,0.0113374539529,0.770608770382,3.9,1,1.8,0.17
NGC4037,0.0037190331456899996,0.052949313619,2.33054193558,3.3,1,2.21,0.62
NGC4036,0.0014316045335399999,0.330728894688,1.14581265565,-2.4,0,2.35,0.38
NGC4038,0.04673514655,0.527541227269,37.3065091634,8.9,1,0.21,0.65
NGC4039,0.047241962834099996,0.537107719631,38.196586663000005,8.9,1,1.03,0.43
NGC4045,0.00748816873918,0.1487113521,8.3074009264,1.3,1,3.9,0.87
NGC4051,0.0253759997095,0.39943388268,23.7029260249,4.0,1,19.97,0.62
UGC07035,0.00156201191698,0.012860868670900001,0.34385369592200005,1.8,1,1.31,0.3
NGC4067,0.00230200024589,0.040298477028999996,1.55725765657,3.1,1,1.75,0.69
UGC07086,0.00165466647871,0.0498835009362,2.49155559509,3.1,1,1.14,0.16
UGC07089,0.0023983406779899998,0.0168671630998,1.15752997616,7.9,1,1.03,0.22
NGC4100,0.00859654290323,0.251002385058,15.089494423900002,4.1,1,1.0,0.27
UGC07094,6.48365251571E-4,0.00835856277969,0.17469967088100002,8.1,1,1.14,0.33
NGC4102,0.00500204152868,0.323566881187,22.481537146999997,3.1,1,8.99,0.61
NGC4111,0.00176893691146,0.320160622433,0.9210774594490001,-1.3,0,4.96,0.23
NGC4116,0.012460383466399999,0.0635375087909,5.57585564013,7.3,1,1.64,0.44
NGC4117,4.7017856980500003E-4,0.0333728735234,0.572587082368,-2.0,0,2.51,0.41
NGC4125,0.00374842655102,0.761725431982,0.00292893802011,-4.8,0,5.07,0.57
NGC4119,0.0017084095089,0.143542537189,1.3612991512700001,-1.2,0,2.86,0.38
NGC4123,0.0127904477048,0.12501717784299998,8.1964910184,5.0,1,5.09,0.48
IC3019,4.3832093659599994E-4,0.0162264663616,-0.057316880789099994,-5.0,0,1.35,0.88
NGC4138,0.0038794664243,0.19279217928800002,4.46299579165,-0.8,0,2.25,0.61
IC3021,3.40540621704E-4,0.0038371058794400004,-0.030394049909,8.6,1,1.4,0.68
NGC4144,0.013273888032799998,0.0736141193739,3.63517531448,6.1,1,1.44,0.24
IC3023,6.61379155931E-4,0.0012159277648599999,0.0548261784361,9.7,1,0.69,0.79
NGC4151,0.013792535005700001,0.569999209746,5.7480627146700005,1.9,1,4.96,0.91
NGC4152,0.009352942498819999,0.059540733507599995,5.13310194807,4.9,1,1.34,0.79
UGC07178,9.99722526262E-4,0.0026573584857899997,0.0901339301526,9.6,1,1.04,0.92
IC3033,9.376329417140001E-4,0.0037725461733699997,0.14784348647099999,7.8,1,2.18,0.45
UGC07184,0.00141571927295,0.006448049813600001,0.434967877273,6.4,1,0.74,0.39
NGC4165,7.729671064540001E-4,0.0194298751721,0.730262116618,2.0,1,0.81,0.59
NGC4168,0.00305241750771,0.246274311066,1.44851478262,-4.9,0,4.33,0.85
NGC4178,0.0148856859075,0.10256367008199999,9.37683652487,6.9,1,1.43,0.24
IC3044,0.00178796501361,0.00788621024609,0.251793866483,6.1,1,1.42,0.47
NGC4179,0.0013861788341900001,0.240659126623,0.213836051749,-1.9,0,4.03,0.29
NGC4180,0.0013697618026300002,0.0830320606732,4.33792799144,2.0,1,1.26,0.36
NGC4183,0.00559506420376,0.051916597210099995,3.7382789156,5.9,1,1.73,0.18
NGC4189,0.006694404808920001,0.09769789735989999,7.17228920607,5.9,1,0.94,0.76
NGC4192,0.014912844915200002,0.625093255045,26.8571265569,2.6,1,5.62,0.42
NGC4191,5.67627106358E-4,0.0441525101253,0.389362401811,-1.8,0,4.26,0.66
NGC4193,0.00260227484351,0.0670416776379,3.5339356335300005,4.1,1,1.34,0.46
PGC039052,3.1578342090400006E-4,0.00675783222675,0.19357163862100002,5.2,1,1.2,0.28
NGC4194,0.004762709768420001,0.082756690555,5.444387259019999,9.1,1,8.11,0.62
UGC07249,8.13929514936E-4,0.00276332333597,0.24766552498599997,9.6,1,0.53,0.27
NGC4197,0.004219890305,0.0368419304646,3.60512280039,6.7,1,1.15,0.19
NGC4200,3.10282098375E-4,0.027041684761999998,-0.0370218110095,-2.0,0,3.18,0.65
IC3059,8.65756701246E-4,0.005480631857850001,0.22048325066399999,9.7,1,0.82,0.6
IC3061,9.958774346900002E-4,0.023027310679700003,1.65907033727,5.2,1,1.21,0.18
NGC4203,0.00240532414729,0.370032970212,2.49525474861,-2.7,0,7.68,0.85
IC3065,3.2357792449E-4,0.0152861294489,0.0381126993795,-2.2,0,1.5,0.7
NGC4206,0.00429971894516,0.0635934324201,3.9892304716199996,4.0,1,1.48,0.17
NGC4207,0.00100961461091,0.06704418264119999,3.7002257006800003,7.7,1,1.06,0.31
NGC4214,0.10847009437699999,0.35786348673600005,19.8180677125,9.8,1,1.64,0.83
NGC4212,0.00972891881141,0.192147432663,12.590157016300001,4.9,1,0.76,0.57
NGC4217,0.00514827140571,0.767004701832,30.2652873698,3.0,1,1.43,0.15
NGC4216,0.00489416249276,0.8551914754530001,20.9309777631,3.0,1,4.83,0.23
NGC4215,4.5543561277999994E-4,0.08281785690480001,-0.00994165247376,-0.9,0,2.95,0.3
IC3077,3.00558307547E-4,0.0171472190606,0.0482986301272,6.0,1,1.9,0.67
NGC4222,0.00123172966573,0.040308636165900004,3.47761413435,6.6,1,1.05,0.11
NGC4224,6.46718285645E-4,0.130323074077,1.4449058158399999,1.0,1,3.07,0.43
NGC4236,0.0759270420308,0.240641329867,9.91350120111,8.0,1,1.24,0.23
IC3096,2.88927194131E-4,0.006796981449250001,0.15653376289,0.7,1,1.16,0.33
IC3100,1.57118646944E-4,0.00729244192465,0.219174197286,-2.0,0,2.09,0.31
NGC4233,5.416478445669999E-4,0.105571267885,0.0702240562059,-2.0,0,5.55,0.55
NGC4234,0.00408857914995,0.0298237218046,2.1516234664500002,8.6,1,0.67,0.8
IC3099,6.7260296034E-4,0.00961200796693,0.460495610797,6.2,1,1.5,0.14
NGC4235,8.13374156627E-4,0.150121163033,0.783154831226,1.0,1,5.86,0.29
NGC4237,0.00373478854308,0.129139919833,7.499780589260001,4.0,1,0.91,0.6
NGC4239,4.11266211638E-4,0.0320419799632,0.13624869245500001,-4.5,0,2.85,0.53
IC3102,7.128467854169999E-4,0.0873732118516,1.09596369146,-0.7,0,3.22,0.54
SDSSJ121727.85+071937.6,1.45324506026E-4,0.0015278140126500001,0.00837639003305,5.0,1,0.02,0.13
NGC4244,0.047535470448500004,0.313857632835,16.6560893381,6.0,1,1.0,0.14
IC3105,0.00255956671734,0.0029637630681700004,0.257812537148,9.8,1,0.76,0.26
UGC07321,0.00254737670961,0.0234630991577,1.62711592302,6.5,1,1.4,0.08
IC3115,0.00300697116873,0.0178050478403,1.13798516891,5.5,1,1.25,0.62
NGC4251,0.00210369893472,0.290375463843,0.138644956093,-1.8,0,3.71,0.45
NGC4252,0.00137005017604,0.00851184840279,0.360965130204,3.6,1,1.23,0.28
IC3104,,0.0944639722947,0.24451797686700003,9.9,1,0.88,0.47
NGC4254,0.0554004306549,0.660032403713,63.028723113199995,5.2,1,1.85,0.83
IC3131,3.20577687632E-4,0.015982361245600003,0.0219148338962,-3.0,0,1.61,0.95
NGC4255,3.0672479369599995E-4,0.0541895344367,0.0408250561185,-2.0,0,3.26,0.51
NGC4258,0.08527373699819998,2.4272570506599997,79.7640342605,4.0,1,2.43,0.52
NGC4259,2.3410948904499998E-4,0.0211712894055,0.07386005505439999,-2.0,0,3.13,0.37
NGC4260,7.27203644005E-4,0.131373053256,1.13173402659,1.0,1,2.45,0.46
NGC4261,0.00441383166492,0.600752313251,-0.216595967263,-4.8,0,5.38,0.81
NGC4262,0.00126476393303,0.155104163426,0.330852550093,-2.6,0,5.99,0.83
NGC4266,0.017152912904799998,0.31345444980099996,1.49754628632,1.0,1,1.7,0.21
NGC4267,0.00118793687704,0.261364432586,0.27999446466,-2.7,0,12.41,0.93
NGC4268,2.8991304725700006E-4,0.051788477426000006,0.08842874254730002,-0.3,0,2.88,0.42
NGC4269,0.00197697462608,0.857751121365,-0.11403378453600001,-1.1,0,8.02,0.81
NGC4270,4.25309538792E-4,0.08469475570589999,0.0387518899942,-2.0,0,2.24,0.44
NGC4273,0.00910990437403,0.100713653427,9.93088186663,5.2,1,1.72,0.65
IC0781,3.2865013826099997E-4,0.018865628058,0.0780748576957,-2.7,0,2.64,0.74
NGC4276,0.00253404547585,0.0230875932378,1.4541304497,6.4,1,1.52,0.87
UGC07387,3.92551816768E-4,0.014997224702899999,0.921719215205,6.6,1,1.03,0.1
IC3167,2.08113309246E-4,0.009652076056639999,0.056189104240300006,-2.0,0,1.09,0.73
PGC039799,7.86081907214E-4,0.00181277186544,-0.04525383633380001,9.0,1,0.61,0.34
NGC4281,0.00110730568235,0.236171129353,0.6870029179960001,-1.5,0,4.51,0.47
UGC07396,0.0011676336840699998,0.00653735454549,0.203227640816,7.6,1,1.28,0.32
NGC4287,5.51722559371E-4,0.0174384981581,0.825801284934,4.3,1,2.06,0.29
NGC4289,6.55663562605E-4,0.0359340844237,2.26744648389,5.6,1,2.97,0.15
NGC4292,6.25513191401E-4,0.0664659876446,0.558522979327,-1.9,0,3.55,0.63
NGC4294,0.0111208158863,0.054055976332300006,4.17943021799,5.9,1,1.14,0.38
NGC4298,0.007279457761350001,0.366826624588,23.3218182927,5.1,1,1.16,0.54
UGC07411,1.43830299717E-4,0.0195564762635,0.111178180186,0.1,0,2.19,0.34
IC0782,2.4075613363E-4,0.0270937942678,0.0201248512119,0.4,0,2.55,0.6
IC0783,3.0530462681E-4,0.018999482687,0.218366794232,-0.2,0,1.21,0.85
NGC4299,0.0113530453966,0.0362366093758,2.63380452616,8.4,1,0.89,0.96
NGC4300,5.057164798959999E-4,0.060165669927199995,0.855673582305,1.0,1,2.46,0.33
NGC4302,0.00254474390759,0.328325525699,18.743915490899997,5.3,1,1.29,0.1
UGC07422,2.35488804109E-4,0.0209317895446,0.5930463302619999,2.5,1,1.63,0.01
NGC4305,4.54078372236E-4,0.041769651335,0.110722285719,1.2,1,1.76,0.52
NGC4306,4.2579660071300005E-4,0.028818158078200002,0.0439432471552,-2.0,0,1.92,0.74
NGC4307,9.155197207619999E-4,0.126626500513,4.56470993934,3.2,1,1.07,0.17
PGC040045,2.95562327931E-4,0.0018994112891600001,-0.069579833362,9.4,1,1.89,0.6
NGC4309,4.6245834063900004E-4,0.041545455052900006,1.29132134967,-0.7,0,2.64,0.51
UGC07436,1.52125008625E-4,0.00911600699518,-0.0038047768643499997,-2.1,0,2.14,0.56
PGC040074,1.23099092081E-4,0.00234348137348,-0.0751000532305,-5.0,0,0.82,0.41
NGC4303A,0.0060944766894899995,0.0133040724636,1.14326756816,6.3,1,1.82,0.82
NGC4312,0.00155158262635,0.11278781295,3.94437350304,2.1,1,2.22,0.24
NGC4313,0.0014137582486300003,0.151153908417,4.004367027280001,2.1,1,2.26,0.23
NGC4316,0.0010318780953099999,0.0772805305237,4.786364922240001,5.5,1,0.76,0.15
IC3229,7.11097592796E-4,0.00465473003733,0.27776141249200004,4.2,1,1.16,0.29
NGC4321,0.0584397714267,1.04257281082,67.7268599324,4.0,1,4.54,0.83
NGC4322,1.7977426866799996E-4,0.00608031984867,-0.140642296304,-2.4,0,1.23,0.71
NGC4324,0.00189124075159,0.134280783289,1.8349917751299998,-0.8,0,1.8,0.51
NGC4330,0.00293479500971,0.058595301139900004,3.5157317618699997,6.1,1,1.6,0.11
NGC4328,3.58836913791E-4,0.0195074014398,0.256192524664,-3.1,0,2.39,0.83
NGC4339,8.611048787120001E-4,0.148232484788,-0.0107822577727,-4.6,0,4.36,0.91
NGC4340,0.00112936365788,0.180748976377,0.20631356610100002,-1.2,0,6.32,0.82
NGC4343,0.00107748248249,0.09553632268750001,3.7473572015400003,3.0,1,2.91,0.34
NGC4342,5.11378961142E-4,0.08551026179469999,-0.070406021153,-3.2,0,2.41,0.26
IC3258,0.004655973489739999,0.0124775217263,0.867863914559,9.6,1,1.33,0.75
IC3259,0.00103712759731,0.0174948410422,1.04172499498,8.0,1,1.2,0.51
NGC4341,3.7180945010100005E-4,0.0194476643419,0.213220594959,-2.0,0,2.53,0.3
NGC4350,0.00175755784034,0.280367478288,0.7230131442919999,-1.8,0,3.71,0.28
NGC4353,0.00108301945095,0.0178891659334,0.6252138105380001,9.8,1,0.46,0.55
NGC4351,0.00405163852323,0.0349134635473,1.5452589244600001,2.8,1,1.72,0.67
NGC4352,4.18714999737E-4,0.0417241930566,0.0041134668855300005,-2.0,0,3.07,0.41
IC3267,0.0011958569624,0.0185218626397,0.8055684085160001,5.9,1,0.73,0.95
IC3268,0.00406714523534,0.026190903331900002,0.948268865842,10.0,1,1.43,0.79
NGC4359,0.0031419488520000004,0.030116461448599998,2.03617944519,5.1,1,1.21,0.26
NGC4356,0.00149011872325,0.0618599788719,1.6297448147799998,5.7,1,1.1,0.14
NGC4365,0.00548518280119,0.999922031692,-0.18262508055999999,-4.8,0,6.56,0.74
NGC4370,3.9476224680699997E-4,0.0727998850551,2.00927045833,0.7,1,3.99,0.53
NGC4371,0.0015652253746700003,0.312655995738,0.344163860943,-1.3,0,3.5,0.79
NGC4374,0.00904388119892,1.7210759542200003,3.20473965972,-4.4,0,7.33,0.9
NGC4377,0.00104837933074,0.10977580904100001,0.570944006953,-2.6,0,3.7,0.81
IC3305,4.01626458674E-4,0.00971621716286,0.0128023356797,-5.0,0,1.45,0.42
NGC4379,6.823633223630001E-4,0.10903886619400001,0.0436495270335,-2.7,0,3.36,0.8
NGC4376,0.00333356333429,0.0181290939507,1.1121153404100002,9.8,1,1.01,0.62
NGC4378,0.0026773135832,0.16526151626900001,3.0288448571900006,1.0,1,5.09,0.79
NGC4380,0.0038090983913699997,0.143648369104,4.77266651091,2.4,1,1.82,0.55
NGC4383,0.00955993870589,0.08910697009960002,5.38953958895,0.8,1,3.66,0.46
IC3311,7.093282375529999E-4,0.0117610989663,0.681276387105,7.5,1,0.61,0.17
PGC040547,5.81598500706E-4,0.0198781320919,0.28324944085299997,-2.4,0,0.82,0.53
IC3313,4.86634628074E-4,0.0171467161096,0.0740810848273,-4.0,0,4.68,0.79
NGC4387,4.3226305991000003E-4,0.0756786160514,-0.0158185103858,-4.8,0,2.34,0.56
NGC4385,0.0041431806043400006,0.047556266545900006,,-0.1,0,4.33,0.52
NGC4388,0.00759918272322,0.269173299702,9.12369665613,2.8,1,4.18,0.28
NGC4390,0.00421427349976,0.025700794110599997,1.9052431878799998,5.0,1,0.89,0.75
IC3322,0.00100904574276,0.024944716042200003,1.97956459098,6.3,1,1.14,0.18
UGC07522,5.23265263723E-4,0.0449780255885,2.57311779388,5.7,1,0.57,0.1
NGC4396,0.005647861851520001,0.0423145901588,3.6444176994699995,6.8,1,1.59,0.27
IC3331,2.89811969508E-4,0.00467603187327,-0.040982187851199996,-3.6,0,2.08,0.54
NGC4402,0.00240859570198,0.178391520179,14.5176065115,3.2,1,0.9,0.19
NGC4406,0.0184397980083,2.43803918243,16.720719189300002,-4.8,0,6.54,0.72
PGC040659,0.011660911615899999,1.87627610092,1.7651231117099997,-5.0,0,6.8,0.71
NGC4411A,0.00363813561392,0.028644764936700002,1.15099692913,5.4,1,1.2,0.92
NGC4413,0.00334920859932,0.0617848215618,2.68486463626,2.1,1,2.55,0.73
NGC4412,0.00450157714021,0.050711150499,2.8944625668199997,3.2,1,1.06,0.84
NGC4415,3.97852946686E-4,0.0328621747824,-0.116186227939,-0.9,0,2.18,0.87
NGC4416,0.00399865741433,0.0422601782316,2.59321098604,5.9,1,1.25,0.95
NGC4417,0.0012720031117999999,0.197056321048,0.138280413693,-1.9,0,4.26,0.33
IC3355,0.001198617409,0.00336277036318,0.08675201373410002,9.7,1,0.37,0.31
IC3358,4.15250638619E-4,0.0142152137644,0.0638591572123,-5.0,0,1.72,0.78
PGC040759,1.44850776463E-4,0.00634114780929,0.026786854002200003,-5.0,0,1.48,0.72
NGC4355,,0.03709224844430001,6.51660158528,1.1,1,4.34,0.5
NGC4419,0.00203756909036,0.264887222164,8.379777769239999,1.2,1,2.44,0.31
NGC4409,0.0072460817122299995,0.0555171729854,4.34759039296,4.7,1,0.64,0.41
NGC4423,0.00251913963808,0.0179258597107,1.23641191676,7.8,1,1.06,0.18
NGC4424,0.00329029904344,0.105709117949,2.59886575278,0.9,1,3.14,0.4
NGC4425,6.42910851408E-4,0.0864444974755,-0.11410130212000001,-0.6,0,2.06,0.29
PGC040819,2.27024585559E-4,0.0831317748867,-0.00778089351963,-3.0,0,4.95,0.93
IC3371,0.0011954476098900001,0.0105012548485,0.190825785008,6.0,1,0.92,0.14
NGC4430,0.00486229246971,0.0647923298458,4.02326727936,3.5,1,1.13,0.81
NGC4429,0.0035617245516300004,0.7156316733210001,2.35630682665,-0.8,0,3.68,0.48
PGC040821,1.9450545942700003E-4,0.00428919396603,-0.042483555719,-5.0,0,0.83,0.66
NGC4434,5.0686180968E-4,0.0751761363316,0.0299041056789,-4.7,0,3.89,0.92
NGC4435,0.00133905970175,0.267697895737,1.85967998853,-2.1,0,5.43,0.57
NGC4436,2.47315557995E-4,0.0383199607438,0.13706419982,-1.8,0,2.43,0.43
NGC4438,0.0049122059008,0.439175244841,7.8661624121800005,0.6,1,4.67,0.49
NGC4440,5.762168946059999E-4,0.09792661029619999,-0.23696845581599998,1.1,1,4.34,0.91
UGC07579,6.91129839258E-4,0.00975266163979,0.685938604462,7.8,1,0.87,0.22
NGC4442,0.0018250780283599998,0.400198358641,0.383466316625,-1.9,0,3.48,0.53
IC0794,2.7328794816799994E-4,0.021051636090899998,0.14960844602099999,-4.2,0,3.05,0.76
NGC4449,0.169998401495,0.4890601543,35.3235168015,9.8,1,1.84,0.57
IC3381,2.5668503112E-4,0.0191851065375,0.0279934545976,-4.1,0,2.56,0.7
NGC4445,8.005543954339999E-4,0.0454485623467,1.32945677204,2.0,1,0.71,0.16
IC3391,0.00293077382483,0.0228059592294,1.2781034356999998,5.9,1,0.6,0.69
NGC4450,0.00490495429843,0.525748980044,8.197834899330001,2.4,1,3.57,0.58
UGC07596,5.43033727005E-4,0.00707322744317,0.0873658136788,9.8,1,1.0,0.43
NGC4451,0.0023002092835300004,0.042098173267199994,2.31524661506,2.5,1,0.95,0.55
IC3393,2.05619520683E-4,0.00768294147077,0.061257337145499996,-1.6,0,1.66,0.42
IC3392,0.0012572847546800001,0.07172683347310001,2.5706664207900003,2.4,1,1.39,0.4
NGC4452,7.18529829592E-4,0.081150893463,0.0173749864712,-1.9,0,0.82,0.17
NGC4460,0.00447205215982,0.086553472205,2.4806791555900003,-0.9,0,2.03,0.25
NGC4454,0.0013309807755799998,0.0948697754625,,0.2,0,2.95,0.75
NGC4458,5.567217947919999E-4,0.0692721120956,0.29872735404399997,-4.9,0,3.45,0.87
NGC4457,0.004812561997209999,0.341327989484,4.8824554958499995,0.3,0,7.87,0.73
NGC4459,0.00396786629964,1.82417453683,3.5896709702699994,-1.6,0,5.63,0.8
NGC4461,0.00115029757568,0.212361110539,0.206250715883,-0.7,0,4.22,0.45
NGC4464,3.31201294327E-4,0.052784376466199996,0.199656605343,-2.7,0,3.21,0.72
IC3413,3.09846104327E-4,0.016942307884299998,0.031525297527099996,-4.5,0,2.77,0.61
NGC4469,0.001184238026,0.209478757525,1.68130737619,0.2,0,2.48,0.33
NGC4468,3.63389766534E-4,0.032045448450099996,0.21320125724199998,-2.7,0,2.94,0.72
NGC4470,0.005689538650810001,0.0367356850852,2.6173851320500003,1.9,1,0.68,0.64
NGC4472,0.0196403590147,3.4658236433199994,5.1314414709300005,-4.8,0,5.33,0.82
NGC4473,0.00356843326333,0.513261937914,0.386421662955,-4.7,0,6.33,0.55
NGC4474,0.00102605111227,0.12535956649399999,-0.310505999845,-1.9,0,4.36,0.47
NGC4476,9.731562757399999E-4,0.0592424519767,0.814487792352,-2.9,0,4.03,0.6
UGC07636,2.53112782272E-4,0.00184234897596,-0.0010805429636400001,9.8,1,,
NGC4477,0.0019206493057999999,0.43652063383100004,0.433997916655,-1.7,0,4.93,0.82
NGC4482,4.6808492726999995E-4,0.025862053699,0.269266560088,-4.8,0,2.11,0.59
IC3430,3.0556355350400003E-4,0.006135057460509999,0.173160726682,0.0,0,1.63,0.41
NGC4478,0.0010647353793200001,0.155945866898,0.11491209820800001,-4.9,0,1.94,0.81
NGC4479,4.06706455536E-4,0.048323020698499995,0.066725679758,-1.9,0,2.0,0.61
NGC4480,0.0043673245227,0.043972284714699994,3.32018740986,5.1,1,1.29,0.53
NGC4483,4.24648622013E-4,0.0720479105596,-0.0539152016451,-1.4,0,2.78,0.62
NGC4486,0.01537674625,2.20631407923,-0.470851096994,-4.3,0,3.8,0.89
NGC4488,7.96797258572E-4,0.0817827375345,0.09690944396849999,-0.1,0,3.19,0.33
NGC4491,9.834680030249999E-4,0.043707872947500004,0.9647361399909999,1.0,1,1.5,0.47
NGC4492,0.0017282217878299999,0.206501180647,1.64792487448,1.0,1,3.89,0.94
NGC4494,,0.621604823355,0.637409158563,-4.8,0,4.84,0.84
NGC4497,6.258944079400001E-4,0.0526553635006,0.162541980812,-1.1,0,1.39,0.44
NGC4496A,0.0169059695343,0.116680536544,8.105849995089999,7.4,1,1.28,0.77
NGC4498,0.00647118029749,0.0504744995861,4.05583422382,6.4,1,1.12,0.4
IC0797,0.00297502522445,0.025653542411400002,1.6695926949000002,6.1,1,1.2,0.7
IC3459,1.37502726148E-4,0.00839383939017,-0.0837275975034,9.8,1,0.8,0.55
NGC4501,0.027933083641900003,1.1410751283299998,56.94334012270001,3.3,1,1.34,0.48
NGC4502,0.00150917610567,0.00737232825793,0.507822150961,5.9,1,0.87,0.51
NGC4503,9.84387450794E-4,0.300945186029,-0.0353389345647,-1.7,0,3.49,0.5
NGC4506,6.526106562150001E-4,0.0334617532521,0.496552832667,1.1,1,1.54,0.7
IC3468,4.51088337149E-4,0.0219813475513,-0.00758288649954,-4.8,0,2.71,0.82
UGC07688,0.00123175109724,0.0484638032723,-0.0050615580328400005,9.7,1,1.01,0.77
UGC07700,0.0024641347938200004,0.009209968458879999,0.654132247795,7.9,1,1.99,0.65
IC3475,3.68890405429E-4,0.0146513756642,0.126776592927,-4.6,0,1.04,0.83
IC3476,0.00587850872417,0.0298192402134,2.43766131865,9.5,1,1.51,0.73
NGC4437,0.015354350988200002,0.455438661784,32.1854192968,6.0,1,0.8,0.11
NGC4521,3.3563641918700005E-4,0.07891994785739999,0.198728051437,-0.2,0,3.49,0.29
NGC4516,4.7847182365800005E-4,0.0411769386591,0.0595628865396,1.5,1,1.71,0.43
NGC4519,0.012618214117,0.0644431300074,4.98261031191,6.9,1,1.77,0.84
NGC4522,0.00450662555208,0.057144122684899996,3.61023987698,5.9,1,1.71,0.24
IC3499,2.6086995067900004E-4,0.021857568226400004,-0.215686287985,-0.4,0,2.48,0.29
NGC4525,0.00323479034951,0.0334790983669,1.9115852807700002,5.9,1,1.05,0.55
IC0800,0.00221918591888,0.0216237133017,0.888501629762,5.3,1,1.09,0.55
NGC4526,0.00374598229758,0.859179120812,7.938020537839999,-1.9,0,3.82,0.44
NGC4528,5.19737526102E-4,0.0814453604065,0.193335249269,-2.0,0,2.41,0.56
NGC4527,0.0063639684632,0.646363544791,46.36252402109999,4.0,1,4.81,0.4
IC3509,2.05884031245E-4,0.008573685394029999,0.0366574406002,-5.0,0,3.35,0.77
NGC4531,0.00198297565387,0.118616542202,2.13271269008,-0.1,0,1.41,0.66
NGC4532,0.0181476126269,0.07939346292060001,7.46841935408,9.7,1,0.79,0.26
NGC4535,0.0373273130122,0.522374665095,33.6341016756,5.0,1,1.1,0.78
NGC4533,0.00118608955702,0.0149441092646,0.743477196699,7.1,1,1.4,0.22
NGC4536,0.0223125419251,0.401047749947,26.824033212699998,4.3,1,20.0,0.54
IC3517,6.373232728090001E-4,0.00409380496367,0.31637741894,8.5,1,0.83,0.5
IC3518,1.69387278608E-4,0.00872367736084,0.135532023606,10.0,1,1.19,0.37
IC3521,0.00164362692435,0.0287781636497,1.5783567491100001,9.8,1,0.97,0.44
NGC4540,0.005520613857279999,0.100486261159,5.19199908342,6.2,1,1.0,0.78
NGC4546,0.0024662994662399997,0.39518163305200005,0.7833417505570001,-2.7,0,4.29,0.46
NGC4550,0.0012094851414000002,0.112736536097,0.34757222482199995,-2.0,0,1.97,0.31
NGC4562,0.00139227435195,0.0170747877584,0.93199441612,7.1,1,0.87,0.34
NGC4551,4.55695771783E-4,0.0968116958759,0.0556933358366,-4.9,0,2.36,0.7
NGC4552,0.00587097254757,0.9010344025110001,1.1708435976,-4.6,0,7.61,0.92
PGC041994,1.2689898982E-4,4.83413861351E-4,-0.0604309865759,8.0,1,1.32,0.17
NGC4559,0.0601992717949,0.353347867395,26.0291295598,6.0,1,1.37,0.41
NGC4561,0.008594118857979999,0.031196749890700003,1.59957602062,7.2,1,1.14,0.9
NGC4565,0.0164038158207,1.50706517515,60.3177228629,3.2,1,1.39,0.13
NGC4564,0.00139592418439,0.217789547894,-0.135275268261,-4.6,0,4.18,0.43
NGC4567,0.0136485049739,0.579433743286,40.4070419175,4.0,1,1.21,0.66
NGC4568,0.0136677367946,0.577388560679,40.351792963499996,4.1,1,1.71,0.38
PGC042068,6.914309337160002E-4,0.0091044160496,0.0417551948094,10.0,1,1.76,0.56
NGC4569,0.0186527679056,0.768540123454,20.625247218,2.4,1,3.49,0.37
NGC4570,0.0014413681071400002,0.270916373514,0.35523875570200003,-1.9,0,4.2,0.26
IC3586,3.4079641944200005E-4,0.013349524536299999,0.18084046901700002,-2.0,0,5.48,0.8
NGC4571,0.007917151232,0.421106669839,8.02252847452,6.4,1,1.49,0.9
NGC4589,0.0022261295579,0.313148226407,0.176959732816,-4.8,0,5.28,0.8
PGC042147,9.26426523663E-5,0.00221293412202,0.0498978201285,1.6,1,0.74,0.42
NGC4578,0.0010165208252,0.141855387208,0.205675635484,-2.1,0,5.98,0.68
PGC042160,0.00225575153372,0.00741631761224,0.351306678353,9.5,1,0.73,0.56
NGC4579,0.0131662857155,0.896329819413,21.2143305742,2.8,1,5.0,0.72
UGC07795,0.0018227373013099998,0.0030258584489899995,0.20531025524799998,9.8,1,0.81,0.66
NGC4580,0.00233236875688,0.105731511063,4.28282942012,1.6,1,1.04,0.68
NGC4584,7.79302342232E-4,0.0251755525424,0.650257904726,1.4,1,1.72,0.74
UGC07802,8.543379656589999E-4,0.00994500849482,0.477743979418,6.1,1,0.82,0.15
NGC4586,0.0011456761321099998,0.131272218756,2.18890519083,1.2,1,4.89,0.45
IC3611,0.0010507344548,0.011995427658299999,0.356036093507,6.3,1,1.69,0.59
NGC4591,0.00163344816758,0.030476628527900004,1.55419716971,3.1,1,1.39,0.47
NGC4592,0.016916950668600002,0.0545168941079,4.648612780540001,7.9,1,0.83,0.3
IC3631,9.585730546849999E-4,0.013439850388400001,0.06057861856980001,-1.2,0,1.75,0.51
NGC4595,0.00525502265677,0.0384914207234,2.46742863775,4.0,1,0.98,0.66
NGC4596,0.0026650545112,0.437815820265,0.980227164323,-0.8,0,4.52,0.65
NGC4594,0.027665850149,4.71332339135,36.7662630054,1.1,1,3.62,0.44
NGC4606,0.00169909471599,0.0930959095972,1.60204566692,0.6,1,2.19,0.42
NGC4607,7.036061699510001E-4,0.0639749642086,5.47392551855,4.0,1,1.07,0.14
NGC4608,,0.233773040262,0.344036082847,-1.7,0,4.64,0.65
NGC4612,0.00495761933981,0.21195246136,0.35380805699900003,-2.0,0,3.05,0.76
NGC4618,0.0338746883199,0.159266380197,9.0019571587,8.6,1,1.58,0.79
NGC4625,0.0074054649227399995,0.0515772719097,2.60518182212,8.7,1,1.28,0.93
NGC4627,0.00371746635202,0.044546002331600006,2.3329932870200003,-4.7,0,1.1,0.65
NGC4621,0.010937587994299999,1.0705263813299999,5.29383775547,-4.8,0,6.34,0.62
NGC4631,0.131987682435,1.20252012291,119.55538713700001,6.5,1,1.84,0.21
NGC4630,0.004352878610109999,0.05300111737319999,3.81610051362,9.7,1,1.57,0.66
NGC4629,,0.009996093195950002,0.39397048415700003,9.1,1,0.87,0.77
NGC4633,0.00271443421874,0.0189527289246,1.5410561391600002,7.9,1,0.98,0.4
NGC4638,0.0012360828581400001,0.19217176955600002,0.103347610065,-2.6,0,3.1,0.44
NGC4636,0.00923315732259,1.23731531036,0.06968778754369999,-4.8,0,5.92,0.8
NGC4639,0.00834480163694,0.116478674028,4.05525177055,3.6,1,1.97,0.66
NGC4643,0.00277621336135,0.460088144478,3.7472351490800007,-0.5,0,4.41,0.66
NGC4647,0.023434364767400004,2.45225801324,16.415854396,5.1,1,1.92,0.83
NGC4649,0.024457141127599998,2.52035703552,15.3626455674,-4.6,0,4.69,0.8
NGC4651,0.017075296905499998,0.267429155195,12.3187028584,5.1,1,1.52,0.65
NGC4654,0.0242080897933,0.769449960871,27.793332616300003,5.9,1,1.62,0.48
NGC4656,0.0899488413473,0.0921409757691,6.593048637560001,9.0,1,1.93,0.25
UGC07916,0.0019263456222399999,0.29334295597,0.299076715748,9.9,1,1.7,0.5
PGC042902,2.00228321163E-4,0.0124475518269,-0.0035179679175100006,-5.0,0,3.23,0.64
NGC4660,0.0014282878948399997,0.18393838362999998,0.0979910607522,-4.6,0,3.53,0.56
IC3718,8.336142284830001E-4,0.014793150982700003,0.200023926562,-2.5,0,1.17,0.32
NGC4624,0.00255408564492,0.413130238699,0.05285317716540001,-0.6,0,4.99,0.69
NGC4666,0.010580896022299998,0.619801812331,50.9067832086,5.0,1,1.64,0.23
NGC4668,0.004580113260430001,0.0215215436363,1.4558412712,7.5,1,0.71,0.48
PGC091228,2.0584778303799997E-4,0.0026775335000500003,0.047629381887800006,7.4,1,1.99,0.33
NGC4684,0.0026887047213400004,0.148364337989,0.7302543262960001,-1.2,0,2.6,0.34
NGC4689,,0.21700652754,10.5298391016,4.7,1,1.65,0.79
NGC4688,0.00999621048292,0.0285369724529,2.22737007307,6.0,1,1.75,0.81
NGC4691,0.0190327961605,0.201060774964,7.827706496760001,0.3,0,2.81,0.47
NGC4698,0.00435892743797,0.363709807695,4.91017737735,1.6,1,3.54,0.72
NGC4697,0.007829944096960001,1.20760090664,-0.30121982784699997,-4.5,0,5.27,0.6
NGC4696,0.00778651838775,1.10789801001,0.71890941091,-3.8,0,2.96,1.0
NGC4701,0.011374645172899999,0.0508587053675,3.8174075910300003,5.9,1,1.47,0.75
NGC4710,0.00220302871058,0.350903076258,7.32737254123,-0.9,0,2.2,0.2
UGC07982,8.91262964548E-4,0.0357859135129,1.77468740182,3.3,1,1.26,0.13
NGC4713,0.019331937641200003,0.07093256761250001,6.93359018548,6.8,1,0.96,0.74
NGC4725,0.0296798148259,1.1130554854799999,31.4997977908,2.2,1,5.37,0.59
UGC07991,5.7385009856E-4,0.014536370403499999,0.6942389711,6.5,1,0.81,0.12
NGC4720,0.0036436240385999998,0.0203598986489,1.1163725525200001,-2.6,0,1.13,0.45
NGC4736,0.09989292677110001,3.6454312778300006,64.531029641,2.3,1,5.03,0.87
NGC4731,0.0231109031165,0.0943799446476,7.5254214636,5.9,1,2.41,0.34
PGC043526,0.00318193042178,0.011506751728999998,0.592050527139,10.0,1,1.19,0.62
NGC4747,0.0036179486124400004,0.0597936095603,3.6828180665099994,7.3,1,1.66,0.31
NGC4746,0.0029942814492,0.0724148762045,6.562441155369999,3.2,1,0.75,0.2
NGC4754,0.00164761576134,0.360325939326,0.534162505606,-2.4,0,5.92,0.7
NGC4753,0.00554083157553,0.8036601988140001,7.38741296133,-1.3,0,4.19,0.62
NGC4758,0.00161349427428,0.0415918124552,2.8310192965900005,9.0,1,1.52,0.17
NGC4762,0.00399736817394,0.430640462127,0.879393103322,-1.8,0,4.07,0.14
NGC4765,0.00706274414384,0.021903196573299998,1.9349815304599998,1.5,1,1.51,0.58
NGC4771,0.00279376735606,0.087425505637,4.60426635973,6.0,1,0.86,0.23
NGC4772,0.00238515092764,0.19217905910799998,2.8708085183499996,1.2,1,5.27,0.69
NGC4775,0.0203209602631,0.08112466522999999,5.384531798639999,6.9,1,1.24,0.87
NGC4779,0.004894430046840001,0.0465875608867,2.92562601089,4.6,1,2.73,0.55
NGC4789A,0.00414669051799,0.0099818775708,0.498242776123,9.9,1,0.6,0.46
NGC4793,0.007146269119439999,0.121414206828,12.7414060608,5.0,1,0.93,0.45
NGC4791,4.0533167321800005E-4,0.010145389461400001,0.357994792175,0.7,1,0.86,0.59
UGC08032,3.11147925023E-4,0.0278799227852,0.903319382503,2.0,1,1.0,0.18
NGC4795,7.917119939550001E-4,0.101271733618,0.194123051133,0.6,1,5.97,0.73
PGC093119,8.178718443730001E-4,0.10140677161499999,0.23027589934599998,-3.2,0,5.56,0.72
UGC08042,7.968119690950001E-4,0.00521229284347,0.334416770447,5.5,1,1.78,0.73
NGC4799,0.00126612508831,0.049609162837500005,2.20816482632,2.5,1,0.64,0.29
NGC4808,0.0101640974346,0.096543798145,9.21921153755,5.9,1,1.1,0.35
NGC4826,0.033993670737,2.52034705462,40.2968211094,2.2,1,2.58,0.58
NGC4845,0.00138233471063,0.288619033641,12.8702896212,2.2,1,3.67,0.28
PGC044532,0.0156086220719,0.0297532722431,1.1706398147,9.0,1,0.92,0.43
NGC4866,0.0017688781770399998,0.229990241016,1.34534914981,0.0,0,3.06,0.26
NGC4904,0.00648629652156,0.0693110657883,4.60929795509,5.8,1,1.72,0.8
NGC4941,0.00468983774585,0.20658596276000002,5.87970581118,2.1,1,4.97,0.57
UGC08181,5.89215460877E-4,0.0031688226796799997,0.04492119828340001,8.1,1,0.96,0.3
NGC4945,,6.916623403460001,779.839176384,6.1,1,0.78,0.18
NGC4961,0.00369056290289,0.0194660943891,2.00705672092,5.6,1,1.66,0.67
UGC08201,0.00760070073114,0.014580605847499999,0.263665064532,9.9,1,0.65,0.5
NGC4981,0.015583668149600001,0.18437864412500002,8.22457868622,4.0,1,2.28,0.66
UGC08246,0.0032696231352100005,0.0097095879926,0.837974960701,6.0,1,1.26,0.21
NGC5014,0.00165836559367,0.0351975991362,1.7973322324,1.1,1,1.88,0.28
NGC5012,0.0066415170629,0.120497341546,7.8887005517499995,5.1,1,0.9,0.5
NGC5016,0.00464172308539,0.0473350097662,2.67899002858,4.4,1,1.25,0.71
IC4213,0.0023370042769899997,0.014637545794899998,1.03924762498,5.9,1,1.05,0.15
NGC5023,0.00733236180114,0.0439136266375,1.65320268398,6.0,1,0.92,0.14
NGC5010,,0.0809886640885,7.462420117150001,-1.0,0,1.36,0.3
NGC5033,0.024770521891099996,0.600199442341,44.6477683239,5.0,1,3.32,0.42
NGC5055,0.0694418252024,2.41468902665,147.228381049,4.0,1,2.74,0.58
UGC08333,7.272709837930001E-4,0.00347890821193,0.21914351804999999,9.6,1,0.88,0.31
NGC5103,7.272514134699999E-4,0.0649807352395,0.35767556649099996,-2.0,0,3.2,0.44
UGC08412,5.17030373066E-4,0.00374745793435,0.004697127784779999,6.1,1,0.92,0.42
NGC5116,0.0017392578495899998,0.03865806241130001,2.42878858605,4.9,1,0.6,0.3
NGC5117,0.0027266438162399996,0.0109223600539,0.847449074884,5.8,1,1.39,0.38
NGC5119,,0.0459085322001,,-2.0,0,2.83,0.26
NGC5122,,0.0333665038327,0.13953903457800002,-1.5,0,2.79,0.4
PGC046875,,0.0034510277088800004,0.146116244822,9.0,1,1.16,0.78
NGC5145,0.0013587085099500001,0.07669008981610001,5.775120607050001,0.0,0,2.06,0.61
NGC5128,0.150903002516,19.700061641199998,280.295801103,-2.1,0,4.3,0.95
NGC5147,0.0117934168413,0.058600499333199996,4.52106332111,7.9,1,0.56,0.83
NGC5194,0.214615231845,3.7791265967000003,219.51198379099998,4.0,1,3.08,0.89
NGC5195,0.21518659885400002,3.68347865851,219.46967502099997,0.6,1,8.12,0.94
NGC5240,0.0019988233895799996,0.0278571112599,1.2899920331,5.7,1,0.75,0.66
IC0902,0.00100416580032,0.035449525221099995,2.3952004324900003,3.1,1,2.51,0.17
NGC5236,0.432618850133,5.996237946159999,399.484458675,5.0,1,8.21,0.77
NGC5248,0.0245165813268,0.498411464855,38.1749722708,4.0,1,3.97,0.65
UGC08630,0.0024674307443200002,0.011183162438299999,0.918338933066,6.6,1,1.91,0.17
UGC08662,6.440821970140001E-4,0.0042791332582,0.19988767033500002,6.0,1,0.47,0.15
NGC5273,0.00101587284368,0.119372111932,0.28551803870299997,-1.9,0,3.13,0.85
UGC08693,0.00105029270982,0.012684957656000001,0.8667232863750001,4.2,1,1.14,0.29
NGC5290,0.00126041347036,0.15524288722100002,5.23977391589,4.0,1,3.53,0.18
NGC5301,0.00427563709313,0.10630800825999999,7.8386851242199995,4.6,1,1.15,0.2
NGC5300,0.00823630074221,0.0797004810822,4.81151334008,5.3,1,0.95,0.66
UGC08756,4.5669814968599993E-4,0.024547228754699998,0.625160849707,1.2,1,2.33,0.35
NGC5334,0.009502374857139999,0.08036158903589999,5.23088861164,5.3,1,1.01,0.72
NGC5347,0.00238969816437,0.0616772628418,2.20145030691,2.0,1,18.14,0.61
NGC5350,0.005856741908850001,0.135323397461,7.084714234700001,3.6,1,1.26,0.95
NGC5338,8.03011349461E-4,0.024370482203199997,0.5199458918600001,-2.0,0,3.32,0.52
NGC5353,0.0020851882923,0.498333796203,1.37597093431,-2.1,0,2.33,0.44
NGC5354,0.00419591088694,0.48148801810599995,4.438241542219999,-2.1,0,8.12,0.89
NGC5355,1.85014080904E-4,0.0220935391959,-0.0198804310261,-2.0,0,2.85,0.69
NGC5358,1.35611502257E-4,0.0149291978315,0.141762797843,-0.4,0,3.0,0.35
NGC5348,0.00203148255249,0.023837759978,1.48076210428,3.8,1,1.67,0.16
NGC5356,0.00102473094988,0.06921479070610001,3.83316024458,3.8,1,0.73,0.19
NGC5360,6.850551546340001E-4,0.0190083647161,0.50987622649,0.1,0,1.54,0.36
NGC5363,0.006109102149390001,0.7454270316930001,4.39315474047,0.1,0,5.92,0.75
NGC5364,0.0200500971058,0.302661653917,18.0570798209,4.0,1,1.69,0.66
UGC08857,3.45363883414E-4,0.0071701101001199995,0.204112923588,1.0,1,2.55,0.24
NGC5398,0.00985494639493,0.037648190380599994,1.8356010795200002,7.9,1,1.16,0.9
NGC5457,0.331965057421,2.46208054162,199.10195541,5.9,1,1.81,0.88
NGC5408,,0.040547110317699996,0.985051772011,9.9,1,0.95,0.41
NGC5426,0.007227223234529999,0.08344665304280001,,5.0,1,2.27,0.47
NGC5427,0.0131867852027,0.12817310356,,5.0,1,2.11,0.93
NGC5474,0.026970433871299996,0.127375196856,5.55019543904,6.1,1,1.93,0.62
NGC5477,0.0040081496287,0.009109968837,0.23785831539400001,8.9,1,0.87,0.64
NGC5480,,0.0736552297505,5.425790549119999,4.9,1,1.26,0.72
SDSSJ140638.13+545947.6,3.27720143627E-4,0.004405076353649999,0.14528861997099998,9.0,1,1.38,0.4
NGC5481,,0.0623936453544,-0.00912577860679,-3.9,0,5.87,0.78
NGC5485,0.0013731696140299998,0.197866666753,0.4847413469100001,-2.0,0,4.31,0.79
NGC5486,0.0033410446230300005,0.0124127147921,1.0462370909799998,8.7,1,1.39,0.71
IC0976,6.08687995507E-4,0.024569770970400005,-0.0801615207851,-1.4,0,3.31,0.38
NGC5496,0.00823155798652,0.0390666141625,2.39785630618,6.5,1,1.46,0.17
ESO097-013,,6.193247875650001,183.766810943,3.3,1,6.31,0.55
NGC5506,0.0012706106966400002,0.341475738572,3.11960422325,1.2,1,8.65,0.24
NGC5507,4.00405994333E-4,0.0721862066961,-0.09700184017480001,-2.3,0,4.09,0.61
NGC5529,0.00232169823689,0.155382044285,9.158848367580001,5.1,1,1.22,0.11
NGC5560,0.0022666873865700003,0.06782447313989999,2.9731028040400003,3.1,1,1.02,0.29
NGC5566,0.00341234634096,0.37718264934199996,7.61972780123,1.6,1,4.3,0.68
NGC5569,0.00227663956675,0.019208185788599997,1.00079103222,6.0,1,2.34,0.59
NGC5582,,0.11388698530300001,0.48325260108499996,-4.8,0,8.94,0.62
NGC5574,4.8229609970800005E-4,0.05326473146980001,0.0104661696189,-2.7,0,1.8,0.46
NGC5576,0.00390079493885,0.361259938434,-0.00986003267215,-4.9,0,7.68,0.7
NGC5577,0.0030828175946100004,0.04825168993580001,3.02908698255,3.8,1,1.15,0.26
NGC5584,0.013702639790100002,0.0757944507053,6.08980224208,5.9,1,1.43,0.74
UGC09242,0.0027515770566400003,0.010672911156,0.502850042384,6.7,1,0.87,0.08
UGC09299,0.0036629636968100003,0.00907315634982,0.671359430751,6.5,1,1.3,0.5
NGC5636,7.18025984763E-4,0.0287258928597,0.679926418553,-0.3,0,0.87,0.64
NGC5638,8.473071051210001E-4,0.164008244364,-0.129746342332,-4.8,0,3.78,0.88
UGC09310,0.00152717874289,0.0188357939639,0.49379462305699995,8.1,1,1.06,0.29
NGC5667,0.0056128539908400004,0.0239988531633,1.9911556694299999,6.2,1,1.2,0.43
NGC5645,0.00817144211316,0.0504511177946,3.43446735264,6.6,1,1.56,0.65
NGC5658,8.541233118779999E-4,0.0129969309296,0.8069725023000001,-0.9,0,1.15,0.2
NGC5669,0.0148256130327,0.0593202522334,4.86595805764,6.0,1,2.04,0.7
NGC5668,0.0192189761983,0.076427559915,6.5464911923099995,6.9,1,1.76,0.87
NGC5689,6.8597321411E-4,0.147713968259,0.984883165265,0.4,0,3.83,0.36
UGC09392,2.3673110358000003E-4,0.00180241964968,,10.0,1,0.45,0.23
NGC5693,0.0022921822102800003,0.0200192930977,,6.9,1,1.15,0.92
UGC09426,6.9829799455E-4,0.00208796677701,,9.7,1,1.45,0.77
NGC5690,0.0041157602214800006,0.125417204409,11.863692315,5.2,1,1.08,0.23
NGC5691,0.00636870945846,0.053088969277800005,3.0149566782700004,1.2,1,1.12,0.64
NGC5701,0.00476321294464,0.22397876897500002,3.2401010776700003,-0.3,0,3.49,0.68
NGC5705,0.0055092703252100006,0.026651736412599998,1.9475936810299999,6.6,1,1.33,0.57
NGC5713,0.0100807121983,0.19620748246300002,16.8650460217,4.0,1,1.72,0.78
NGC5719,0.00108486799563,0.192686315926,10.104703918,2.3,1,4.56,0.36
UGC09470,0.00161657366498,0.00655744409316,0.321631559936,8.0,1,0.65,0.51
NGC5728,0.00453099328129,0.21797904195700002,7.82051649246,1.2,1,5.71,0.46
UGC09482,7.336960104289998E-4,0.0028892963567,0.160872844157,6.6,1,0.91,0.17
NGC5740,0.00567981791586,0.10056321037,5.025516826980001,3.0,1,2.34,0.52
NGC5746,,0.607840749143,18.1615900937,3.0,1,1.9,0.21
NGC5750,0.002394977461,0.138630105525,2.56052256426,0.4,0,1.75,0.67
NGC5777,0.0013276880464700002,0.0790206587049,3.4473515395699996,3.2,1,5.69,0.19
NGC5866,0.004893241329550001,0.684162641867,7.980742536089999,-1.3,0,2.85,0.36
NGC5850,0.00773403192111,0.23493752553199998,,3.1,1,7.76,0.75
NGC5899,0.00295513264067,0.14492992003,9.298355695669999,5.2,1,1.87,0.39
NGC5907,0.012844703894499999,0.780098502174,55.6491630358,5.2,1,1.15,0.09
NGC5953,0.005532414325850001,0.130433758748,,0.1,0,4.81,0.72
NGC5954,0.0055699201102700005,0.133972892382,,5.9,1,1.13,0.48
NGC6143,0.00204099350611,0.021556352625700003,1.8829669810599998,4.0,1,0.83,0.8
NGC6221,,0.955219847296,42.7292177961,4.9,1,4.02,0.78
NGC6300,,0.7222642847190001,30.9151212174,3.1,1,3.38,0.69
UGC10854,8.16810398829E-4,0.00293144417492,0.14245387824,6.0,1,1.0,0.42
NGC6673,,0.16766837642899998,-0.0643643437521,-3.8,0,4.5,0.46
NGC6703,0.00226064900128,0.260333204239,-0.0659595799708,-2.8,0,6.62,0.99
NGC6798,7.64487105757E-4,0.0683980035004,0.324495134262,-1.9,0,3.66,0.5
NGC6814,0.019399116790900003,0.46823721277099994,14.477191167400001,4.0,1,3.41,0.95
NGC6822,0.398985977621,1.9852156298900003,61.1282257249,9.8,1,0.73,0.79
NGC6946,0.357295411821,2.9258619387700002,266.38597617799996,5.9,1,2.23,0.82
PGC065367,0.00145066016198,0.006484960677689999,0.133160350582,9.9,1,2.4,0.66
NGC7090,0.0139308084719,0.21998984289,14.532183740299999,5.0,1,1.19,0.16
NGC7172,,0.23941120155499998,6.55058509525,0.6,1,12.56,0.52
NGC7213,,0.790885727378,13.5647479584,0.9,1,8.3,0.99
ESO289-020,5.62757624041E-4,0.0018375046948,0.152989830336,4.6,1,1.63,0.23
ESO405-014,3.8064648148699996E-4,0.0026919233747299998,,6.1,1,0.45,0.17
PGC166755,,0.048371069599800004,3.1167882383700003,5.0,1,1.0,0.64
NGC7314,0.0146907901915,0.21298521917100002,12.162296227,4.0,1,0.85,0.37
NGC7320,0.00392626674841,0.0221048548293,1.1342906751000001,6.5,1,0.69,0.54
NGC7331,0.0289291620675,1.59335848012,91.16551719379999,3.9,1,2.27,0.37
UGC12160,0.0173184301831,0.06845551755,1.8093485535299998,5.8,1,1.13,0.63
ESO603-031,0.00113616447545,0.007769302219359999,0.349201198619,1.0,1,1.45,0.5
ESO406-031,3.00020994379E-4,0.0137317833166,0.37764021253200003,2.2,1,0.95,0.2
IC5270,0.00475997065208,0.0678700084686,5.6342649946300005,5.7,1,1.22,0.27
UGC12313,,0.00351117096346,0.323203699179,9.8,1,2.25,0.19
NGC7463,,0.0397889173143,2.5742693063999997,3.1,1,1.18,0.41
NGC7465,,0.0629091502677,2.9419661506200003,-1.8,0,5.39,0.56
ESO407-002,8.221292857010001E-4,0.0239922832975,0.8879322198399999,-0.5,0,1.14,0.58
NGC7552,0.0154273075486,0.417197661268,36.8876005243,2.4,1,5.54,0.45
NGC7582,0.006781733460819999,0.551414621542,32.1344124592,2.1,1,20.0,0.3
NGC7625,0.0028859367121399997,0.10787927837000001,8.245722270189999,1.0,1,1.61,0.77
NGC7667,0.0030036935488400003,0.0041951672483,0.190755929251,8.7,1,1.22,0.6
ESO407-018,0.00344205378134,0.027247400726799997,0.0538155085346,9.8,1,0.82,0.79
ESO240-004,7.270975905510001E-4,0.00224176789818,0.155344048971,6.7,1,0.75,0.23
NGC7690,0.00457187719034,0.0611759696166,2.30636541413,2.9,1,3.0,0.46
NGC7694,0.0025463502413400002,0.021259199237799998,1.45204428141,10.0,1,1.64,0.57
NGC7689,0.0161235386016,0.08914241450480001,7.4396083217,5.9,1,1.0,0.67
IC5334,9.603693743660001E-4,0.0358297140444,0.697912504351,3.5,1,5.42,0.32
UGC12690,8.74382706679E-4,0.00413879503938,0.160000784185,9.1,1,1.37,0.7
NGC7710,2.05999303417E-4,0.0193269884943,0.195690647307,-1.6,0,3.43,0.29
NGC7714,0.010241215998200002,0.0675365169465,,3.1,1,5.19,0.63
NGC7715,0.00180039358023,0.00416611332207,,9.6,1,5.0,0.29
NGC7716,0.00348877354992,0.064496864666,2.02024245861,3.0,1,5.28,0.77
UGC12709,0.0017402310731799999,0.009773313865659999,0.5364459539,8.5,1,1.24,0.67
NGC7721,0.00877947913916,0.12237694813200001,10.263336724,4.9,1,1.28,0.37
PGC072006,0.001303808899,0.00514812352162,0.224795963327,9.0,1,0.7,0.35
ESO471-006,0.00496848693503,0.010567256784099999,0.167611256012,8.6,1,0.85,0.25
ESO149-001,0.0101792661303,0.0583138934098,0.916853216725,8.0,1,1.07,0.26
NGC7755,0.009147177923600001,0.11719895424,7.315757746839999,5.0,1,5.81,0.8
NGC7757,0.0068283001545399995,0.0307992524388,2.68816801697,5.3,1,1.55,0.82
NGC7764,0.010593401931100001,0.0393345883364,2.81578959211,9.4,1,0.91,0.68
NGC7793,0.142183912524,0.7415630012469999,55.4766615622,7.4,1,1.13,0.66
